component,term,weight
1,abdomen,0.007373
1,abdominal,0.005374
1,aborto,0.006454
1,absorcion,0.003057
1,abundante,0.006454
1,acido,0.002038
1,acudir,0.010504
1,acumulacion,0.003553
1,acumular,0.010116
1,acuoso,0.004303
1,adema,0.012889
1,adicional,0.006731
1,afectado,0.003175
1,aflatoxinar,0.004076
1,africano,0.002038
1,agrandamiento,0.002156
1,agrandar,0.050294
1,agua,0.006201
1,agudo,0.004197
1,ahora,0.010504
1,aire,0.012689
1,alcohol,0.006265
1,alguno,0.01536
1,alimentacion,0.016144
1,alimento,0.01725
1,almacenar,0.002641
1,alrededor,0.016131
1,alteracion,0.002038
1,amarillentar,0.005243
1,amarillo,0.00338
1,ambos,0.004303
1,americar,0.006796
1,amplio,0.007966
1,analizar,0.002953
1,androgeno,0.009159
1,anemia,0.004009
1,animal,0.005599
1,animo,0.00627
1,anomaliar,0.01589
1,anomalo,0.006731
1,anormal,0.006998
1,antecedente,0.046102
1,antigeno_prostatico,0.027478
1,aparato,0.006454
1,aparicion,0.006201
1,apariencia,0.007363
1,apetito,0.008554
1,aplicar,0.010924
1,apoptosis,0.004076
1,apoyo,0.010504
1,arn,0.003057
1,arterial,0.003243
1,asi,0.009661
1,asiatico,0.002038
1,asintomaticir,0.002038
1,asociacion,0.002038
1,asociado,0.007637
1,aspirinar,0.002406
1,atacar,0.004865
1,aumento,0.012155
1,avance,0.0094
1,avanza,0.004303
1,avanzado,0.037049
1,avanzar,0.009159
1,ayudarte,0.011311
1,azucar,0.005002
1,bajar,0.0094
1,bajo,0.009346
1,basal,0.044411
1,basico,0.005599
1,basocelular,0.050755
1,bastante,0.001931
1,bazo,0.000933
1,beber,0.001604
1,bebido,0.001604
1,beneficioso,0.009159
1,benigno,0.001821
1,bien,0.031796
1,biliar,0.018963
1,bilirrubin,0.01014
1,bilis,0.008798
1,biologia,0.002038
1,biopsia,0.009398
1,blanco,0.029194
1,bloquea,0.00338
1,bloquear,0.006731
1,borde,0.014729
1,brazo,0.031118
1,bronceadorar,0.044411
1,buen,0.010924
1,bulto,0.028102
1,bulto_mama,0.0028
1,cabelludo,0.012689
1,cabeza,0.006555
1,cada,0.025015
1,cadena,0.005095
1,cafar,0.005311
1,calambre,0.002423
1,calcio,0.003243
1,calor,0.00627
1,calorio,0.006183
1,cama,0.044411
1,cambiar,0.008496
1,cambio_evacuacion,0.005613
1,cambio_lunar,0.057099
1,cambio_piel,0.0021
1,campo,0.003773
1,canal,0.002618
1,cansancio,0.050198
1,cantidad,0.02121
1,capa,0.008496
1,capaz,0.002038
1,cara,0.017553
1,carcinoma,0.129941
1,carcinomar,0.008382
1,carne,0.001604
1,casi,0.007108
1,causado,0.003243
1,cava,0.006486
1,cell,0.009729
1,cerca,0.004331
1,cercano,0.009329
1,cereal,0.005381
1,cerebelo,0.003243
1,cerebro,0.008108
1,cerrar,0.048604
1,ciclo,0.003972
1,cierto,0.013012
1,cirrosis,0.005095
1,cirugia,0.013373
1,cirugio,0.004933
1,cita,0.007613
1,claro,0.031702
1,clasificacion,0.005512
1,clave,0.004572
1,coagulo,0.01014
1,cola,0.00796
1,colangiocarcinoma,0.003057
1,coledoco,0.00507
1,colesterol,0.004076
1,colon,0.058536
1,color,0.057289
1,coloracion,0.005243
1,colorrectal,0.001604
1,colposcopia,0.004303
1,columna,0.004303
1,comar,0.006183
1,combinar,0.002953
1,comer,0.008332
1,comienzo,0.005952
1,compania,0.014344
1,comparacion,0.005599
1,completamente,0.002038
1,complicacion,0.009159
1,comprender,0.002618
1,compuesto,0.002641
1,conducto,0.018238
1,confusion,0.003243
1,conocer,0.022724
1,conocido,0.013349
1,consanguineo,0.011726
1,consecuencia,0.000482
1,conseguir,0.009159
1,considerar,0.010763
1,contar,0.007547
1,contraer,0.01495
1,contribuir,0.00317
1,controlar,0.020182
1,convertir,0.00775
1,convulsion,0.004865
1,corporal,0.006618
1,correr,0.006183
1,cosa,0.001863
1,costilla,0.00338
1,crecer,0.016121
1,crecimiento,0.006114
1,creer,0.009451
1,cromosomar,0.003057
1,cronico,0.005216
1,cuanto,0.005105
1,cuatro,0.003057
1,cuello,0.127914
1,cuello_uterino,0.035441
1,cuero,0.012689
1,curar,0.018319
1,cushing,0.006486
1,cutaneo,0.013039
1,debajo,0.018213
1,debido,0.005064
1,debilitado,0.031832
1,decision,0.01233
1,dejar,0.008552
1,delgado,0.004189
1,demasiado,0.00324
1,demostrado,0.010178
1,denominado,0.006694
1,denominar,0.002423
1,dentro,0.004679
1,derecho,0.006623
1,derivar,0.009515
1,desafortunadamente,0.006731
1,desaparecer,0.005394
1,desarrollado,0.002038
1,desarrollar,0.022477
1,descargar,0.003553
1,descomponer,0.005201
1,descripcion,0.01139
1,descubrir,0.003107
1,desear,0.011311
1,despacio,0.005381
1,destruir,0.024063
1,detecto,0.018319
1,determinacion,0.005174
1,determinado,0.01597
1,determinar,0.014223
1,diabet,0.003511
1,diabetes,0.00676
1,diagnosticar,0.00366
1,diar,0.002623
1,diario,0.001604
1,diarrea,0.004009
1,dietilestilbestrol,0.004303
1,diferenciacion,0.002038
1,diferenciar,0.007637
1,diferente,0.021514
1,dificil,0.00775
1,dificultad,0.026495
1,dificultad_orinar,0.036637
1,dificultad_respirar,0.012972
1,dificultar,0.008034
1,digestion,0.002038
1,digestivo,0.002406
1,digital,0.011726
1,dirigido,0.009459
1,disemin,0.039204
1,diseminir,0.010924
1,disenado,0.002641
1,disfuncion,0.013739
1,disminuir,0.002504
1,distante,0.003243
1,distinto,0.010283
1,diverso,0.013349
1,dividir,0.002618
1,division,0.011209
1,dolor,0.065571
1,dolor_abdominal,0.024444
1,dolor_espalda,0.028458
1,dolor_mama,0.00175
1,dolor_pecho,0.011351
1,dolor_pelvico,0.035807
1,dolor_sexual,0.010757
1,donir,0.003243
1,dos,0.019831
1,dosis,0.002953
1,ecografia,0.005599
1,edicion,0.016444
1,ejemplo,0.014579
1,elegir,0.005381
1,elevado,0.001604
1,eliminar,0.009159
1,embarazo,0.004303
1,emitir,0.012689
1,empeora,0.003243
1,empeorar,0.00204
1,empezar,0.003755
1,empiez,0.006731
1,encargado,0.002641
1,encima,0.001863
1,endocrino,0.004865
1,energia,0.00944
1,enrojecimiento,0.00239
1,entonces,0.007289
1,entrar,0.002641
1,envia,0.002038
1,epidermoidar,0.012689
1,equilibrio,0.003243
1,ereccion,0.009159
1,erectil,0.013739
1,error,0.003243
1,escamos,0.053016
1,escuchar,0.010924
1,esencial,0.005599
1,espalda,0.019306
1,especial,0.00317
1,especialmente,0.00627
1,especifico,0.016456
1,espontaneo,0.006454
1,esputo,0.001622
1,estadisticar,0.003553
1,esteroid,0.002038
1,estomago,0.01182
1,estrategia,0.007197
1,estrenimiento,0.006433
1,estrogeno,0.002038
1,estructura,0.003057
1,etapar,0.005599
1,etnico,0.009159
1,europa,0.002038
1,evitar,0.004303
1,evolucion,0.000933
1,examinar,0.002953
1,excesivo,0.001485
1,exceso,0.013877
1,experto,0.009159
1,explicacion,0.01624
1,exposicion,0.010534
1,expuesto,0.021185
1,extension,0.001931
1,exterior,0.005599
1,externo,0.013075
1,extirpar,0.008882
1,extraido,0.002038
1,eyaculacion,0.018319
1,facilidad,0.014845
1,falta_aire,0.009729
1,faltar,0.006692
1,familia,0.011881
1,family,0.009298
1,fatigar,0.006692
1,fatigo,0.002156
1,femenino,0.008606
1,fibra,0.002406
1,fiebre,0.007844
1,fin,0.027032
1,financiar,0.014344
1,fisico,0.021922
1,flujo,0.008882
1,flujo_vaginal,0.012908
1,formacion,0.004223
1,frecuencia,0.027155
1,fruta,0.011565
1,fuerte,0.007363
1,fum,0.006731
1,fuma,0.013462
1,fumador,0.006731
1,fumar,0.025769
1,funcion,0.014168
1,funcionar,0.00755
1,ganglio,0.00846
1,gastrico,0.002171
1,generalmente,0.024408
1,generar,0.005599
1,genetico,0.007084
1,glandular,0.005322
1,glandulo,0.038259
1,globulo,0.003972
1,gluco,0.004076
1,grado,0.014758
1,gradualmente,0.006201
1,gran,0.014708
1,grasa,0.007022
1,grasos,0.00338
1,grueso,0.003207
1,habilidad,0.002038
1,habitar,0.007533
1,hablar,0.021539
1,hacia,0.01631
1,haz,0.021797
1,hcc,0.014266
1,health,0.023447
1,heces_claras,0.006114
1,hecho,0.006618
1,hellmar,0.003243
1,hematomar,0.002088
1,hepatitis,0.01188
1,hepatoblasto,0.003057
1,hepatoblastomar,0.005095
1,hepatocelular,0.004076
1,hepatocito,0.003057
1,heredar,0.005599
1,hereditario,0.001604
1,hermano,0.010924
1,hez,0.009734
1,higado,0.063395
1,hijo,0.005599
1,hinchazon,0.006995
1,hinchazon_abdominal,0.006114
1,hinchazon_mama,0.00175
1,hipercalcemiar,0.003243
1,hombr,0.005599
1,hombro,0.003243
1,hongo,0.002038
1,hora,0.012689
1,hormona,0.020926
1,hormonar,0.003243
1,horner,0.003243
1,hueso,0.012869
1,humphreys,0.009159
1,ictericia,0.021672
1,ictericio,0.018092
1,igual,0.005599
1,importancia,0.00317
1,impreciso,0.000707
1,incidencia,0.005095
1,incluido,0.004679
1,incluso,0.015827
1,incontinencia,0.009159
1,indicio,0.00105
1,indigestion,0.001447
1,indiz,0.008132
1,infeccion,0.043779
1,inferior,0.01484
1,inflamacion,0.001719
1,inflamatorio,0.001954
1,informar,0.024632
1,informartar,0.006731
1,informativo,0.007146
1,informe,0.005281
1,ingesto,0.005599
1,ingl,0.027168
1,inicial,0.007771
1,inmediato,0.009444
1,inmunoterapia,0.005463
1,inmunoterapio,0.002665
1,instruccion,0.032631
1,instrumento,0.004303
1,insulin,0.005549
1,integral,0.006183
1,interior,0.008165
1,intestinal,0.002406
1,intestino,0.011919
1,inusual,0.006231
1,invadir,0.021241
1,invasivo,0.009401
1,investigacion,0.008934
1,involucrado,0.002504
1,involuntario,0.005381
1,irregular,0.006694
1,irritacion,0.0007
1,junto,0.005599
1,justo,0.0094
1,labio,0.012689
1,lado,0.004262
1,largo,0.004661
1,lawrence,0.003243
1,lentamente,0.010645
1,lesion,0.047468
1,letterir,0.007146
1,leucemia,0.028444
1,libre,0.012689
1,libro,0.025908
1,limbico,0.004865
1,limitar,0.006731
1,linfatico,0.007526
1,linfocitico,0.002331
1,lippincott,0.003243
1,liquido,0.012712
1,llegar,0.012216
1,llevar,0.016592
1,lograr,0.012113
1,lucrir,0.014344
1,luego,0.00683
1,lugar,0.015751
1,lunar,0.076133
1,lung,0.012972
1,luz,0.097317
1,madre,0.018284
1,maduracion,0.002038
1,magnetico,0.006618
1,mama,0.020677
1,mancha,0.044877
1,mano,0.025378
1,mantener,0.005599
1,mantir,0.007533
1,mareo,0.004865
1,masa,0.086858
1,masculino,0.022898
1,matar,0.006731
1,maximo,0.002038
1,mayoclinic,0.006731
1,mayoriar,0.00284
1,mediante,0.014541
1,medida,0.013467
1,medido,0.022235
1,medio,0.002038
1,medula,0.001399
1,medula_osea,0.00373
1,mejorar,0.010781
1,melanoma,0.050755
1,melanomo,0.057099
1,memorio,0.003243
1,menopausia,0.004303
1,menor,0.006183
1,menos,0.010449
1,menstrual,0.006454
1,menudo,0.03051
1,metastasico,0.020885
1,metastasis,0.002038
1,miccion_frecuente,0.032057
1,microcitico,0.048646
1,mielogen,0.002798
1,mientras,0.00317
1,minucioso,0.006731
1,minuto,0.001604
1,mirar,0.013075
1,mision,0.014344
1,mismo,0.006413
1,molecula,0.003057
1,momento,0.020905
1,moretones,0.003264
1,morir,0.046401
1,motivo,0.009159
1,muerte,0.002038
1,muertir,0.002038
1,mujer,0.010086
1,multiplicar,0.012192
1,multipliquen,0.010924
1,mundo,0.005599
1,muscular,0.003243
1,musculo,0.003243
1,mutacion,0.013149
1,mutar,0.002038
1,natural,0.003972
1,nausea,0.020596
1,navigation,0.003553
1,necesario,0.012402
1,necesidad,0.010781
1,negro,0.034617
1,nervio,0.006555
1,nervioso,0.004865
1,neurologico,0.003243
1,ningun,0.013351
1,ninguno,0.003457
1,nino,0.003903
1,noche,0.005046
1,non,0.003243
1,normal,0.016243
1,normalidad,0.001485
1,normalmente,0.010743
1,norte,0.002038
1,nota,0.005381
1,notch,0.004076
1,novedad,0.003312
1,numero,0.007714
1,nunca,0.004303
1,nutrient,0.005381
1,obesidad,0.021743
1,objetivo,0.002953
1,observar,0.008034
1,obstante,0.008737
1,ocasion,0.005531
1,occidental,0.001821
1,ocultar,0.003553
1,ojo,0.01483
1,olor,0.004303
1,oncology,0.004865
1,onda,0.002038
1,oportunidad,0.014344
1,oreja,0.025378
1,org,0.006731
1,organismo,0.004656
1,organo,0.027607
1,origen,0.009159
1,originar,0.008501
1,orina,0.104554
1,orina_oscura,0.014564
1,oscuro,0.013277
1,oseir,0.010092
1,ovario,0.006731
1,padecer,0.005571
1,padre,0.016523
1,pai,0.002279
1,palabra,0.002038
1,paliativo,0.003243
1,palidez,0.002331
1,palpar,0.00204
1,pancoast,0.004865
1,pancreas,0.144668
1,papanicolaou,0.023665
1,papel,0.00775
1,paraneoplasico,0.016215
1,parecer,0.020518
1,pareja,0.008606
1,pariente,0.016306
1,participar,0.006731
1,partir,0.011311
1,pasar,0.005934
1,paso,0.006731
1,patologico,0.004076
1,patologo,0.002038
1,patrocinio,0.014344
1,pdf,0.003553
1,pdq,0.003243
1,peca,0.019033
1,pecar,0.0094
1,pecho,0.012899
1,pedir,0.01158
1,pelvico,0.006454
1,pequenar,0.006201
1,perder,0.003294
1,perdida_apetito,0.011587
1,perdida_peso,0.079485
1,periodo,0.006341
1,persistente,0.001734
1,personal,0.004575
1,pertinente,0.006731
1,pezon,0.0021
1,pezon_invertido,0.0021
1,philadelphia,0.004865
1,picazon,0.033412
1,piel,0.64494
1,pierna,0.028614
1,plano,0.004303
1,planta,0.007363
1,plaqueta,0.000933
1,poblacion,0.004189
1,podriar,0.011552
1,podrio,0.033189
1,polipo,0.007217
1,politico,0.015965
1,poner,0.005002
1,porcentaje,0.004189
1,posibilidad,0.012113
1,positivo,0.002038
1,potente,0.006731
1,practicar,0.003243
1,prb,0.003057
1,preguntar,0.008657
1,presencia,0.010178
1,presion,0.003243
1,presionar,0.00711
1,prevencion,0.022005
1,prevenir,0.029266
1,principalmente,0.000933
1,principio,0.005848
1,principl,0.003243
1,privacion,0.009159
1,probabilidad,0.045247
1,probable,0.019904
1,problema,0.015653
1,procedimiento,0.007433
1,procesado,0.001821
1,produccion,0.007599
1,producido,0.005766
1,profundo,0.007614
1,prolifera,0.013739
1,proliferacion,0.021514
1,proliferar,0.031007
1,promedio,0.002623
1,propagado,0.011797
1,propagar,0.003553
1,prostata,0.467122
1,prostatar,0.013739
1,proteccion,0.012689
1,protector,0.031722
1,protein,0.013247
1,proteinar,0.002038
1,proveedor,0.008606
1,provenir,0.014727
1,provocar,0.00844
1,pulmon,0.13419
1,quemadurar,0.019033
1,querer,0.010849
1,quier,0.006731
1,quimicar,0.005599
1,quimioterapiar,0.009187
1,quimioterapio,0.007823
1,radiacion,0.01484
1,radioterapia,0.016929
1,radioterapiir,0.00627
1,radioterapio,0.006201
1,rapidamente,0.018807
1,rapidez,0.005046
1,rapido,0.006531
1,raro,0.00317
1,rayo,0.008496
1,raza,0.014541
1,razon,0.007003
1,recaudacion,0.014344
1,recoger,0.004303
1,recomendar,0.012584
1,recto,0.019583
1,recubrir,0.006454
1,referir,0.002038
1,regular,0.017104
1,relacion,0.024571
1,relacionado,0.011342
1,reporte,0.002038
1,reproductivo,0.009159
1,reproductor,0.022344
1,requerir,0.002641
1,residir,0.002038
1,resonancia,0.006618
1,respaldar,0.014344
1,respecto,0.009159
1,respiracion,0.003312
1,respirar,0.003243
1,resultado,0.00868
1,resultar,0.004189
1,revisatir,0.012689
1,rinon,0.003243
1,ritmo,0.01139
1,rojo,0.008643
1,ronquera,0.006486
1,ropa,0.025378
1,rosenberg,0.003243
1,rosenbergs,0.003243
1,rostro,0.020655
1,rutin,0.004544
1,saciedad_temprana,0.001688
1,saltar,0.003553
1,saludable,0.044424
1,sangrado,0.065688
1,sangrado_piel,0.031722
1,sangrado_rectal,0.006415
1,sangrado_vaginal,0.017211
1,sangre_esputo,0.009729
1,sangre_heces,0.007621
1,sangre_orina,0.032057
1,sanguinear,0.00373
1,sanguineo,0.009401
1,sclc,0.003243
1,secrecion,0.002991
1,secrecion_pezon,0.00245
1,sed,0.003312
1,seguir,0.023995
1,segun,0.008725
1,segundo,0.009376
1,seguro,0.002953
1,semar,0.027478
1,sensacion,0.001284
1,sensibilidad,0.000816
1,sentar,0.002618
1,sentir,0.005993
1,sero,0.006731
1,sexual,0.046198
1,siadh,0.004865
1,siempre,0.014765
1,siglo,0.013354
1,significar,0.019306
1,similar,0.006401
1,sindromar,0.006486
1,sindrome,0.018639
1,sintomatico,0.002038
1,small,0.009729
1,sobreviviente,0.003312
1,sol,0.228398
1,solicite,0.012192
1,solo,0.01676
1,sombra,0.012689
1,sospechar,0.00317
1,sudoracion_nocturna,0.002331
1,suficiente,0.007533
1,sufrir,0.008165
1,sugerir,0.004303
1,superficie,0.015859
1,superior,0.023896
1,supervivencio,0.003553
1,supresor,0.006114
1,sustancia,0.009929
1,tabaco,0.005599
1,tabaquismo,0.010748
1,tal,0.01257
1,tamano,0.020779
1,tasa,0.009667
1,ten,0.005599
1,tender,0.009865
1,terapiar,0.024018
1,termino,0.001821
1,testosteronar,0.010178
1,tienda,0.011726
1,tipico,0.005381
1,tomo,0.004303
1,tos,0.009729
1,tos_persistente,0.012972
1,tragar,0.003243
1,transcripcion,0.007637
1,transmision,0.009511
1,trasmitar,0.004303
1,trastorno,0.001485
1,tratar,0.029046
1,trav,0.005208
1,treatment,0.003243
1,tumoral,0.004076
1,ubicacion,0.001821
1,ubicado,0.002038
1,ulcero,0.001845
1,ultravioleta,0.031722
1,urologo,0.013739
1,uso,0.008768
1,usted,0.001863
1,usualmente,0.002038
1,utero,0.139841
1,uv,0.031722
1,vacuna,0.011776
1,vaginal,0.012908
1,vaginar,0.006454
1,variar,0.006415
1,variedad,0.018928
1,vejigar,0.013739
1,velocidad,0.010092
1,vena,0.013041
1,verdura,0.011565
1,version,0.028157
1,vesicular,0.005418
1,vesiculo,0.002709
1,vhb,0.007133
1,vhc,0.003057
1,via,0.008127
1,video,0.017512
1,vih,0.008496
1,virion,0.002038
1,virus,0.06137
1,virus_papiloma,0.046198
1,visitar,0.006731
1,visto,0.00722
1,vitamina,0.006183
1,viviriar,0.010924
1,vomito,0.00976
1,vph,0.040877
1,zona,0.023428
2,abdomen,0.000217
2,abdominal,0.00062
2,aborto,8e-05
2,absorcion,0.000276
2,abundante,8e-05
2,acido,0.000184
2,acudir,0.007644
2,acumulacion,0.000265
2,acumular,0.007191
2,acuoso,5.3e-05
2,adema,0.014359
2,adicional,0.007317
2,afectado,0.000129
2,aflatoxinar,0.000368
2,africano,0.000184
2,agrandamiento,3.7e-05
2,agrandar,-0.011951
2,agua,0.007591
2,agudo,0.000946
2,ahora,0.007644
2,aire,-0.010765
2,alcohol,0.00133
2,alguno,0.022172
2,alimentacion,0.022663
2,alimento,0.02216
2,almacenar,0.000392
2,alrededor,-0.01011
2,alteracion,0.000184
2,amarillentar,0.000197
2,amarillo,-0.000136
2,ambos,5.3e-05
2,americar,0.000864
2,amplio,-0.005083
2,analizar,0.00029
2,androgeno,0.014581
2,anemia,0.001318
2,animal,0.007383
2,animo,0.007223
2,anomaliar,0.021899
2,anomalo,0.007317
2,anormal,0.007698
2,antecedente,0.008423
2,antigeno_prostatico,0.043744
2,aparato,8e-05
2,aparicion,0.007591
2,apariencia,-0.005291
2,apetito,0.000428
2,aplicar,0.001908
2,apoptosis,0.000368
2,apoyo,0.007644
2,arn,0.000276
2,arterial,0.0006
2,asi,0.001329
2,asiatico,0.000184
2,asintomaticir,0.000184
2,asociacion,0.000184
2,asociado,0.007567
2,aspirinar,0.000791
2,atacar,0.0009
2,aumento,-0.004872
2,avance,0.014614
2,avanza,5.3e-05
2,avanzado,0.051509
2,avanzar,0.014581
2,ayudarte,0.014608
2,azucar,0.000164
2,bajar,0.014614
2,bajo,0.001002
2,basal,-0.037678
2,basico,0.007383
2,basocelular,-0.043061
2,bastante,-3.5e-05
2,bazo,0.00021
2,beber,0.000527
2,bebido,0.000527
2,beneficioso,0.014581
2,benigno,0.000356
2,bien,0.017093
2,biliar,0.000167
2,bilirrubin,-0.000409
2,bilis,-8.9e-05
2,biologia,0.000184
2,biopsia,0.000513
2,blanco,-0.020808
2,bloquea,-0.000136
2,bloquear,0.007317
2,borde,-0.010919
2,brazo,-0.007565
2,bronceadorar,-0.037678
2,buen,0.001908
2,bulto,-0.009615
2,bulto_mama,-0.00069
2,cabelludo,-0.010765
2,cabeza,0.000832
2,cada,0.009555
2,cadena,0.00046
2,cafar,-0.000171
2,calambre,0.000564
2,calcio,0.0006
2,calor,0.007223
2,calorio,0.007818
2,cama,-0.037678
2,cambiar,-0.005356
2,cambio_evacuacion,0.001845
2,cambio_lunar,-0.048443
2,cambio_piel,-0.000518
2,campo,0.000327
2,canal,0.000132
2,cansancio,0.020231
2,cantidad,0.010055
2,capa,-0.005356
2,capaz,0.000184
2,cara,-0.009865
2,carcinoma,-0.101756
2,carcinomar,-0.005199
2,carne,0.000527
2,casi,-2e-05
2,causado,0.0006
2,cava,0.0012
2,cell,0.0018
2,cerca,0.000324
2,cercano,0.00716
2,cereal,0.007554
2,cerebelo,0.0006
2,cerebro,0.0015
2,cerrar,-0.011883
2,ciclo,0.000382
2,cierto,0.002313
2,cirrosis,0.00046
2,cirugia,0.014996
2,cirugio,0.000532
2,cita,-0.005014
2,claro,0.004003
2,clasificacion,0.007501
2,clave,0.000357
2,coagulo,-0.000409
2,cola,0.007154
2,colangiocarcinoma,0.000276
2,coledoco,-0.000204
2,colesterol,0.000368
2,colon,0.019244
2,color,-0.024689
2,coloracion,0.000197
2,colorrectal,0.000527
2,colposcopia,5.3e-05
2,columna,5.3e-05
2,comar,0.007818
2,combinar,0.00029
2,comer,0.007611
2,comienzo,0.000624
2,compania,0.002303
2,comparacion,0.007383
2,completamente,0.000184
2,complicacion,0.014581
2,comprender,0.000132
2,compuesto,0.000392
2,conducto,0.007253
2,confusion,0.0006
2,conocer,0.016881
2,conocido,0.014792
2,consanguineo,0.002172
2,consecuencia,6.6e-05
2,conseguir,0.014581
2,considerar,0.015109
2,contar,0.007336
2,contraer,-0.005276
2,contribuir,0.000119
2,controlar,0.009775
2,convertir,0.007409
2,convulsion,0.0009
2,corporal,0.007475
2,correr,0.007818
2,cosa,0.000333
2,costilla,-0.000136
2,crecer,0.015123
2,crecimiento,0.000552
2,creer,-0.004886
2,cromosomar,0.000276
2,cronico,0.001038
2,cuanto,0.000317
2,cuatro,0.000276
2,cuello,-0.003319
2,cuello_uterino,0.000518
2,cuero,-0.010765
2,curar,0.029163
2,cushing,0.0012
2,cutaneo,-0.010851
2,debajo,0.009223
2,debido,0.000955
2,debilitado,-0.02145
2,decision,0.0147
2,dejar,0.007673
2,delgado,0.000211
2,demasiado,0.000582
2,demostrado,0.014673
2,denominado,-0.005469
2,denominar,0.000564
2,dentro,0.000576
2,derecho,0.000464
2,derivar,-0.005264
2,desafortunadamente,0.007317
2,desaparecer,0.000626
2,desarrollado,0.000184
2,desarrollar,-0.003172
2,descargar,0.000265
2,descomponer,0.000219
2,descripcion,0.002013
2,descubrir,0.000497
2,desear,0.014608
2,despacio,0.007554
2,destruir,-0.003226
2,detecto,0.029163
2,determinacion,0.000565
2,determinado,0.009304
2,determinar,0.015537
2,diabet,0.000287
2,diabetes,-0.000272
2,diagnosticar,0.000484
2,diar,0.000619
2,diario,0.000527
2,diarrea,0.001318
2,dietilestilbestrol,5.3e-05
2,diferenciacion,0.000184
2,diferenciar,0.007567
2,diferente,0.009765
2,dificil,0.007409
2,dificultad,0.030294
2,dificultad_orinar,0.058326
2,dificultad_respirar,0.002399
2,dificultar,-0.005451
2,digestion,0.000184
2,digestivo,0.000791
2,digital,0.002172
2,dirigido,0.000845
2,disemin,0.045916
2,diseminir,0.001908
2,disenado,0.000392
2,disfuncion,0.021872
2,disminuir,0.000289
2,distante,0.0006
2,distinto,0.000947
2,diverso,0.014792
2,dividir,0.000132
2,division,0.001012
2,dolor,0.018022
2,dolor_abdominal,0.001887
2,dolor_espalda,0.028754
2,dolor_mama,-0.000431
2,dolor_pecho,0.002099
2,dolor_pelvico,0.036613
2,dolor_sexual,0.000133
2,donir,0.0006
2,dos,-0.010264
2,dosis,0.00029
2,ecografia,0.007383
2,edicion,-0.010211
2,ejemplo,-0.004309
2,elegir,0.007554
2,elevado,0.000527
2,eliminar,0.014581
2,embarazo,5.3e-05
2,emitir,-0.010765
2,empeora,0.0006
2,empeorar,-0.000154
2,empezar,0.000554
2,empiez,0.007317
2,encargado,0.000392
2,encima,0.000333
2,endocrino,0.0009
2,energia,0.007341
2,enrojecimiento,-0.000241
2,entonces,0.007315
2,entrar,0.000392
2,envia,0.000184
2,epidermoidar,-0.010765
2,equilibrio,0.0006
2,ereccion,0.014581
2,erectil,0.021872
2,error,0.0006
2,escamos,-0.037571
2,escuchar,0.001908
2,esencial,0.007383
2,espalda,0.001936
2,especial,0.000119
2,especialmente,0.007223
2,especifico,0.015289
2,espontaneo,8e-05
2,esputo,0.0003
2,estadisticar,0.000265
2,esteroid,0.000184
2,estomago,0.001312
2,estrategia,0.007422
2,estrenimiento,0.001882
2,estrogeno,0.000184
2,estructura,0.000276
2,etapar,0.007383
2,etnico,0.014581
2,europa,0.000184
2,evitar,5.3e-05
2,evolucion,0.00021
2,examinar,0.00029
2,excesivo,0.000197
2,exceso,0.002198
2,experto,0.014581
2,explicacion,0.021812
2,exposicion,-0.005172
2,expuesto,-0.016121
2,extension,-3.5e-05
2,exterior,0.007383
2,externo,0.001935
2,extirpar,0.007344
2,extraido,0.000184
2,eyaculacion,0.029163
2,facilidad,-0.010728
2,falta_aire,0.0018
2,faltar,9.6e-05
2,familia,0.008486
2,family,-0.005092
2,fatigar,9.6e-05
2,fatigo,3.7e-05
2,femenino,0.000106
2,fibra,0.000791
2,fiebre,0.008026
2,fin,-0.008462
2,financiar,0.002303
2,fisico,0.014792
2,flujo,0.007344
2,flujo_vaginal,0.00016
2,formacion,0.000209
2,frecuencia,0.010152
2,fruta,0.015372
2,fuerte,-0.005291
2,fum,0.007317
2,fuma,0.014635
2,fumador,0.007317
2,fumar,0.022861
2,funcion,0.015159
2,funcionar,0.007685
2,ganglio,0.000977
2,gastrico,0.000296
2,generalmente,-0.003207
2,generar,0.007383
2,genetico,0.00758
2,glandular,0.000145
2,glandulo,0.058626
2,globulo,0.000874
2,gluco,0.000368
2,grado,0.021964
2,gradualmente,0.007591
2,gran,0.015053
2,grasa,0.000575
2,grasos,-0.000136
2,grueso,0.001054
2,habilidad,0.000184
2,habitar,0.007581
2,hablar,0.023289
2,hacia,-0.010869
2,haz,0.022479
2,hcc,0.001288
2,health,-0.002357
2,heces_claras,0.000552
2,hecho,0.007475
2,hellmar,0.0006
2,hematomar,0.000405
2,hepatitis,0.000852
2,hepatoblasto,0.000276
2,hepatoblastomar,0.00046
2,hepatocelular,0.000368
2,hepatocito,0.000276
2,heredar,0.007383
2,hereditario,0.000527
2,hermano,0.001908
2,hez,-1.1e-05
2,higado,0.003964
2,hijo,0.007383
2,hinchazon,0.00092
2,hinchazon_abdominal,0.000552
2,hinchazon_mama,-0.000431
2,hipercalcemiar,0.0006
2,hombr,0.007383
2,hombro,0.0006
2,hongo,0.000184
2,hora,-0.010765
2,hormona,0.016565
2,hormonar,0.0006
2,horner,0.0006
2,hueso,0.015286
2,humphreys,0.014581
2,ictericia,0.000191
2,ictericio,-0.000188
2,igual,0.007383
2,importancia,0.000119
2,impreciso,0.000138
2,incidencia,0.00046
2,incluido,0.000576
2,incluso,0.022277
2,incontinencia,0.014581
2,indicio,-0.000259
2,indigestion,0.000197
2,indiz,0.007555
2,infeccion,-0.003568
2,inferior,-0.010739
2,inflamacion,-8.1e-05
2,inflamatorio,0.000441
2,informar,-0.008765
2,informartar,0.007317
2,informativo,-0.005119
2,informe,0.000784
2,ingesto,0.007383
2,ingl,0.010358
2,inicial,0.00738
2,inmediato,0.00819
2,inmunoterapia,0.000258
2,inmunoterapio,0.000596
2,instruccion,-0.001079
2,instrumento,5.3e-05
2,insulin,0.000471
2,integral,0.007818
2,interior,-0.005027
2,intestinal,0.000791
2,intestino,0.001561
2,inusual,-0.000282
2,invadir,-0.003092
2,invasivo,-0.005107
2,investigacion,0.007819
2,involucrado,0.000289
2,involuntario,0.007554
2,irregular,-0.005469
2,irritacion,-0.000173
2,junto,0.007383
2,justo,0.014614
2,labio,-0.010765
2,lado,0.000692
2,largo,0.000803
2,lawrence,0.0006
2,lentamente,0.014778
2,lesion,-0.037402
2,letterir,-0.005119
2,leucemia,0.00641
2,libre,-0.010765
2,libro,0.017676
2,limbico,0.0009
2,limitar,0.007317
2,linfatico,0.001427
2,linfocitico,0.000525
2,lippincott,0.0006
2,liquido,0.014846
2,llegar,-0.005323
2,llevar,0.015392
2,lograr,0.014872
2,lucrir,0.002303
2,luego,0.000602
2,lugar,-0.00401
2,lunar,-0.064591
2,lung,0.002399
2,luz,-0.080712
2,madre,0.002237
2,maduracion,0.000184
2,magnetico,0.007475
2,mama,0.012086
2,mancha,-0.037573
2,mano,-0.02153
2,mantener,0.007383
2,mantir,0.007581
2,mareo,0.0009
2,masa,-0.00197
2,masculino,0.036454
2,matar,0.007317
2,maximo,0.000184
2,mayoclinic,0.007317
2,mayoriar,0.000448
2,mediante,0.022136
2,medida,0.014645
2,medido,0.016516
2,medio,0.000184
2,medula,0.000315
2,medula_osea,0.000841
2,mejorar,0.014881
2,melanoma,-0.043061
2,melanomo,-0.048443
2,memorio,0.0006
2,menopausia,5.3e-05
2,menor,0.007818
2,menos,-0.004915
2,menstrual,8e-05
2,menudo,-0.003396
2,metastasico,0.016753
2,metastasis,0.000184
2,miccion_frecuente,0.051035
2,microcitico,0.008998
2,mielogen,0.000631
2,mientras,0.000119
2,minucioso,0.007317
2,minuto,0.000527
2,mirar,0.001935
2,mision,0.002303
2,mismo,0.000718
2,molecula,0.000276
2,momento,-0.003251
2,moretones,0.000736
2,morir,-0.024451
2,motivo,0.014581
2,muerte,0.000184
2,muertir,0.000184
2,mujer,0.000934
2,multiplicar,0.002277
2,multipliquen,0.001908
2,mundo,0.007383
2,muscular,0.0006
2,musculo,0.0006
2,mutacion,0.015068
2,mutar,0.000184
2,natural,0.000382
2,nausea,0.000688
2,navigation,0.000265
2,necesario,0.015181
2,necesidad,0.014881
2,negro,0.006284
2,nervio,0.000832
2,nervioso,0.0009
2,neurologico,0.0006
2,ningun,0.014454
2,ninguno,0.000411
2,nino,0.000604
2,noche,0.007396
2,non,0.0006
2,normal,0.022161
2,normalidad,0.000197
2,normalmente,-0.005427
2,norte,0.000184
2,nota,0.007554
2,notch,0.000368
2,novedad,0.000232
2,numero,0.000205
2,nunca,5.3e-05
2,nutrient,0.007554
2,obesidad,0.030046
2,objetivo,0.00029
2,observar,-0.005451
2,obstante,-0.005323
2,ocasion,-0.00011
2,occidental,0.000356
2,ocultar,0.000265
2,ojo,-0.004586
2,olor,5.3e-05
2,oncology,0.0009
2,onda,0.000184
2,oportunidad,0.002303
2,oreja,-0.02153
2,org,0.007317
2,organismo,0.000316
2,organo,0.010502
2,origen,0.014581
2,originar,-0.005346
2,orina,0.153132
2,orina_oscura,0.000211
2,oscuro,-0.005254
2,oseir,0.014792
2,ovario,0.007317
2,padecer,0.000422
2,padre,0.009291
2,pai,0.000217
2,palabra,0.000184
2,paliativo,0.0006
2,palidez,0.000525
2,palpar,-0.000154
2,pancoast,0.0009
2,pancreas,-0.005698
2,papanicolaou,0.000293
2,papel,0.007409
2,paraneoplasico,0.002999
2,parecer,-0.015951
2,pareja,0.000106
2,pariente,0.009462
2,participar,0.007317
2,partir,0.014608
2,pasar,0.000374
2,paso,0.007317
2,patologico,0.000368
2,patologo,0.000184
2,patrocinio,0.002303
2,pdf,0.000265
2,pdq,0.0006
2,peca,-0.016148
2,pecar,0.014614
2,pecho,-0.004551
2,pedir,-0.005119
2,pelvico,8e-05
2,pequenar,0.007591
2,perder,0.000459
2,perdida_apetito,-0.000212
2,perdida_peso,0.063335
2,periodo,0.000237
2,persistente,0.000474
2,personal,0.00059
2,pertinente,0.007317
2,pezon,-0.000518
2,pezon_invertido,-0.000518
2,philadelphia,0.0009
2,picazon,-0.026981
2,piel,-0.506716
2,pierna,-0.008693
2,plano,5.3e-05
2,planta,-0.005291
2,plaqueta,0.00021
2,poblacion,0.000211
2,podriar,0.014641
2,podrio,0.029791
2,polipo,0.002373
2,politico,0.002603
2,poner,0.000164
2,porcentaje,0.000211
2,posibilidad,0.014872
2,positivo,0.000184
2,potente,0.007317
2,practicar,0.0006
2,prb,0.000276
2,preguntar,0.000582
2,presencia,0.014673
2,presion,0.0006
2,presionar,-0.000359
2,prevencion,0.003053
2,prevenir,0.010097
2,principalmente,0.00021
2,principio,0.007659
2,principl,0.0006
2,privacion,0.014581
2,probabilidad,0.013582
2,probable,-0.009783
2,problema,0.002153
2,procedimiento,0.00081
2,procesado,0.000356
2,produccion,0.000749
2,producido,0.0003
2,profundo,0.000285
2,prolifera,0.021872
2,proliferacion,0.009765
2,proliferar,0.018398
2,promedio,0.000619
2,propagado,0.001028
2,propagar,0.000265
2,prostata,0.743652
2,prostatar,0.021872
2,proteccion,-0.010765
2,protector,-0.026913
2,protein,0.001196
2,proteinar,0.000184
2,proveedor,0.000106
2,provenir,-0.010581
2,provocar,0.001641
2,pulmon,0.023581
2,quemadurar,-0.016148
2,querer,0.014513
2,quier,0.007317
2,quimicar,0.007383
2,quimioterapiar,0.000308
2,quimioterapio,0.007891
2,radiacion,-0.010739
2,radioterapia,0.015495
2,radioterapiir,0.007223
2,radioterapio,0.007591
2,rapidamente,0.009403
2,rapidez,0.007396
2,rapido,0.007593
2,raro,0.000119
2,rayo,-0.005356
2,raza,0.022136
2,razon,0.007854
2,recaudacion,0.002303
2,recoger,5.3e-05
2,recomendar,0.015464
2,recto,0.018008
2,recubrir,8e-05
2,referir,0.000184
2,regular,0.015346
2,relacion,0.000542
2,relacionado,0.000401
2,reporte,0.000184
2,reproductivo,0.014581
2,reproductor,0.021979
2,requerir,0.000392
2,residir,0.000184
2,resonancia,0.007475
2,respaldar,0.002303
2,respecto,0.014581
2,respiracion,0.000232
2,respirar,0.0006
2,resultado,0.007863
2,resultar,0.000211
2,revisatir,-0.010765
2,rinon,0.0006
2,ritmo,0.002013
2,rojo,0.008202
2,ronquera,0.0012
2,ropa,-0.02153
2,rosenberg,0.0006
2,rosenbergs,0.0006
2,rostro,-0.015848
2,rutin,8.6e-05
2,saciedad_temprana,0.00023
2,saltar,0.000265
2,saludable,0.066671
2,sangrado,0.041554
2,sangrado_piel,-0.026913
2,sangrado_rectal,0.002109
2,sangrado_vaginal,0.000213
2,sangre_esputo,0.0018
2,sangre_heces,0.002273
2,sangre_orina,0.051035
2,sanguinear,0.000841
2,sanguineo,0.000119
2,sclc,0.0006
2,secrecion,0.000306
2,secrecion_pezon,-0.000604
2,sed,0.000232
2,seguir,-0.002858
2,segun,0.000906
2,segundo,0.00772
2,seguro,0.00029
2,semar,0.043744
2,sensacion,0.000329
2,sensibilidad,1.9e-05
2,sentar,0.000132
2,sentir,-1.5e-05
2,sero,0.007317
2,sexual,0.000651
2,siadh,0.0009
2,siempre,0.001867
2,siglo,0.007781
2,significar,-0.00329
2,similar,0.007646
2,sindromar,0.0012
2,sindrome,0.003563
2,sintomatico,0.000184
2,small,0.0018
2,sobreviviente,0.000232
2,sol,-0.193772
2,solicite,0.002277
2,solo,0.014943
2,sombra,-0.010765
2,sospechar,0.000119
2,sudoracion_nocturna,0.000525
2,suficiente,0.007581
2,sufrir,-0.005027
2,sugerir,5.3e-05
2,superficie,-0.010647
2,superior,0.004307
2,supervivencio,0.000265
2,supresor,0.000552
2,sustancia,0.007706
2,tabaco,0.007383
2,tabaquismo,0.001891
2,tal,0.008098
2,tamano,-0.003187
2,tasa,0.000817
2,ten,0.007383
2,tender,-0.00535
2,terapiar,0.022754
2,termino,0.000356
2,testosteronar,0.014673
2,tienda,0.002172
2,tipico,0.007554
2,tomo,5.3e-05
2,tos,0.0018
2,tos_persistente,0.002399
2,tragar,0.0006
2,transcripcion,0.007567
2,transmision,0.000356
2,trasmitar,5.3e-05
2,trastorno,0.000197
2,tratar,0.037067
2,trav,0.000303
2,treatment,0.0006
2,tumoral,0.000368
2,ubicacion,0.000356
2,ubicado,0.000184
2,ulcero,0.00056
2,ultravioleta,-0.026913
2,urologo,0.021872
2,uso,-0.004819
2,usted,0.000333
2,usualmente,0.000184
2,utero,0.00173
2,uv,-0.026913
2,vacuna,0.000225
2,vaginal,0.00016
2,vaginar,8e-05
2,variar,0.007402
2,variedad,0.010082
2,vejigar,0.021872
2,velocidad,0.014792
2,vena,0.002031
2,verdura,0.015372
2,version,0.00488
2,vesicular,4.8e-05
2,vesiculo,2.4e-05
2,vhb,0.000644
2,vhc,0.000276
2,via,7.2e-05
2,video,0.022199
2,vih,-0.005356
2,virion,0.000184
2,virus,0.002188
2,virus_papiloma,0.000651
2,visitar,0.007317
2,visto,0.007683
2,vitamina,0.007818
2,viviriar,0.001908
2,vomito,0.000593
2,vph,0.000506
2,zona,-0.01537
3,abdomen,0.005704
3,abdominal,0.005721
3,aborto,0.02559
3,absorcion,0.004079
3,abundante,0.02559
3,acido,0.002719
3,acudir,0.017594
3,acumulacion,0.004072
3,acumular,0.002111
3,acuoso,0.01706
3,adema,-0.001696
3,adicional,0.006396
3,afectado,0.003112
3,aflatoxinar,0.005439
3,africano,0.002719
3,agrandamiento,0.001753
3,agrandar,0.010021
3,agua,0.000534
3,agudo,0.004558
3,ahora,0.017594
3,aire,-0.005337
3,alcohol,0.005233
3,alguno,-0.003734
3,alimentacion,-0.005536
3,alimento,-0.003508
3,almacenar,0.004027
3,alrededor,-0.001021
3,alteracion,0.002719
3,amarillentar,0.005318
3,amarillo,0.002492
3,ambos,0.01706
3,americar,0.009408
3,amplio,-1e-06
3,analizar,0.008818
3,androgeno,-0.004268
3,anemia,0.001443
3,animal,-0.000774
3,animo,-0.000888
3,anomaliar,0.002128
3,anomalo,0.006396
3,anormal,0.000745
3,antecedente,-0.018344
3,antigeno_prostatico,-0.012804
3,aparato,0.02559
3,aparicion,0.000534
3,apariencia,-0.001309
3,apetito,0.009232
3,aplicar,-0.004802
3,apoptosis,0.005439
3,apoyo,0.017594
3,arn,0.004079
3,arterial,0.005335
3,asi,0.013783
3,asiatico,0.002719
3,asintomaticir,0.002719
3,asociacion,0.002719
3,asociado,0.001945
3,aspirinar,0.000866
3,atacar,0.008003
3,aumento,0.011249
3,avance,-0.004109
3,avanza,0.01706
3,avanzado,-0.0034
3,avanzar,-0.004268
3,ayudarte,0.004262
3,azucar,0.00516
3,bajar,-0.004109
3,bajo,0.015899
3,basal,-0.018679
3,basico,-0.000774
3,basocelular,-0.021347
3,bastante,0.001405
3,bazo,0.001013
3,beber,0.000577
3,bebido,0.000577
3,beneficioso,-0.004268
3,benigno,0.001648
3,bien,0.029583
3,biliar,0.018241
3,bilirrubin,0.007477
3,bilis,0.007704
3,biologia,0.002719
3,biopsia,0.023858
3,blanco,-0.006275
3,bloquea,0.002492
3,bloquear,0.006396
3,borde,-0.004011
3,brazo,0.001891
3,bronceadorar,-0.018679
3,buen,-0.004802
3,bulto,-0.008252
3,bulto_mama,0.000641
3,cabelludo,-0.005337
3,cabeza,0.009249
3,cada,0.022733
3,cadena,0.006799
3,cafar,0.003897
3,calambre,0.002956
3,calcio,0.005335
3,calor,-0.000888
3,calorio,-0.001557
3,cama,-0.018679
3,cambiar,0.005861
3,cambio_evacuacion,0.00202
3,cambio_lunar,-0.024016
3,cambio_piel,0.000481
3,campo,0.011198
3,canal,0.009036
3,cansancio,0.056472
3,cantidad,0.004543
3,capa,0.005861
3,capaz,0.002719
3,cara,0.002666
3,carcinoma,-0.026842
3,carcinomar,5.1e-05
3,carne,0.000577
3,casi,0.006458
3,causado,0.005335
3,cava,0.010671
3,cell,0.016006
3,cerca,0.005273
3,cercano,0.001798
3,cereal,-0.001845
3,cerebelo,0.005335
3,cerebro,0.013338
3,cerrar,0.008775
3,ciclo,0.010178
3,cierto,-0.001628
3,cirrosis,0.006799
3,cirugia,0.006069
3,cirugio,0.006581
3,cita,-0.001873
3,claro,0.011676
3,clasificacion,-0.001121
3,clave,0.005432
3,coagulo,0.007477
3,cola,0.000358
3,colangiocarcinoma,0.004079
3,coledoco,0.003738
3,colesterol,0.005439
3,colon,0.021061
3,color,-0.003814
3,coloracion,0.005318
3,colorrectal,0.000577
3,colposcopia,0.01706
3,columna,0.01706
3,comar,-0.001557
3,combinar,0.008818
3,comer,0.000919
3,comienzo,0.007941
3,compania,0.004523
3,comparacion,-0.000774
3,completamente,0.002719
3,complicacion,-0.004268
3,comprender,0.009036
3,compuesto,0.004027
3,conducto,0.016706
3,confusion,0.005335
3,conocer,-0.005043
3,conocido,0.006981
3,consanguineo,-0.004514
3,consecuencia,0.000317
3,conseguir,-0.004268
3,considerar,-0.003691
3,contar,0.006983
3,contraer,0.031451
3,contribuir,0.00989
3,controlar,-0.000189
3,convertir,0.007756
3,convulsion,0.008003
3,corporal,0.000585
3,correr,-0.001557
3,cosa,0.002826
3,costilla,0.002492
3,crecer,0.003163
3,crecimiento,0.008158
3,creer,0.001865
3,cromosomar,0.004079
3,cronico,0.005918
3,cuanto,0.017348
3,cuatro,0.004079
3,cuello,0.471812
3,cuello_uterino,0.137838
3,cuero,-0.005337
3,curar,-0.008536
3,cushing,0.010671
3,cutaneo,-0.005257
3,debajo,-0.004331
3,debido,0.006984
3,debilitado,0.014916
3,decision,0.005622
3,dejar,0.008044
3,delgado,0.011249
3,demasiado,0.003543
3,demostrado,-0.002908
3,denominado,-0.002588
3,denominar,0.002956
3,dentro,0.006747
3,derecho,0.007828
3,derivar,0.007221
3,desafortunadamente,0.006396
3,desaparecer,0.013865
3,desarrollado,0.002719
3,desarrollar,0.005138
3,descargar,0.004072
3,descomponer,0.00414
3,descripcion,-0.004296
3,descubrir,0.004534
3,desear,0.004262
3,despacio,-0.001845
3,destruir,0.011124
3,detecto,-0.008536
3,determinacion,0.00674
3,determinado,-0.00643
3,determinar,0.002716
3,diabet,0.002894
3,diabetes,0.004984
3,diagnosticar,0.005387
3,diar,0.001937
3,diario,0.000577
3,diarrea,0.001443
3,dietilestilbestrol,0.01706
3,diferenciacion,0.002719
3,diferenciar,0.001945
3,diferente,0.005961
3,dificil,0.007756
3,dificultad,0.003381
3,dificultad_orinar,-0.017071
3,dificultad_respirar,0.021342
3,dificultar,-0.001422
3,digestion,0.002719
3,digestivo,0.000866
3,digital,-0.004514
3,dirigido,0.021709
3,disemin,-0.017317
3,diseminir,-0.004802
3,disenado,0.004027
3,disfuncion,-0.006402
3,disminuir,0.003226
3,distante,0.005335
3,distinto,0.013215
3,diverso,0.006981
3,dividir,0.009036
3,division,0.014957
3,dolor,0.068037
3,dolor_abdominal,0.019722
3,dolor_espalda,-0.001059
3,dolor_mama,0.000401
3,dolor_pecho,0.018674
3,dolor_pelvico,0.04051
3,dolor_sexual,0.04265
3,donir,0.005335
3,dos,0.014731
3,dosis,0.008818
3,ecografia,-0.000774
3,edicion,0.00377
3,ejemplo,0.014205
3,elegir,-0.001845
3,elevado,0.000577
3,eliminar,-0.004268
3,embarazo,0.01706
3,emitir,-0.005337
3,empeora,0.005335
3,empeorar,0.001326
3,empezar,0.009107
3,empiez,0.006396
3,encargado,0.004027
3,encima,0.002826
3,endocrino,0.008003
3,energia,0.009002
3,enrojecimiento,0.001406
3,entonces,0.000472
3,entrar,0.004027
3,envia,0.002719
3,epidermoidar,-0.005337
3,equilibrio,0.005335
3,ereccion,-0.004268
3,erectil,-0.006402
3,error,0.005335
3,escamos,0.015441
3,escuchar,-0.004802
3,esencial,-0.000774
3,espalda,0.00285
3,especial,0.00989
3,especialmente,-0.000888
3,especifico,0.011515
3,espontaneo,0.02559
3,esputo,0.002668
3,estadisticar,0.004072
3,esteroid,0.002719
3,estomago,0.007904
3,estrategia,0.006902
3,estrenimiento,0.004399
3,estrogeno,0.002719
3,estructura,0.004079
3,etapar,-0.000774
3,etnico,-0.004268
3,europa,0.002719
3,evitar,0.01706
3,evolucion,0.001013
3,examinar,0.008818
3,excesivo,0.001866
3,exceso,0.004016
3,experto,-0.004268
3,explicacion,0.002208
3,exposicion,0.008581
3,expuesto,0.000525
3,extension,0.001405
3,exterior,-0.000774
3,externo,0.003728
3,extirpar,0.014926
3,extraido,0.002719
3,eyaculacion,-0.008536
3,facilidad,-0.003584
3,falta_aire,0.016006
3,faltar,0.006406
3,familia,0.00655
3,family,0.00615
3,fatigar,0.006406
3,fatigo,0.001753
3,femenino,0.03412
3,fibra,0.000866
3,fiebre,0.001411
3,fin,-0.000814
3,financiar,0.004523
3,fisico,0.005145
3,flujo,0.014926
3,flujo_vaginal,0.051179
3,formacion,0.004746
3,frecuencia,0.007718
3,fruta,-0.003402
3,fuerte,-0.001309
3,fum,0.006396
3,fuma,0.012792
3,fumador,0.006396
3,fumar,0.029943
3,funcion,0.002184
3,funcionar,0.001598
3,ganglio,0.010055
3,gastrico,0.001427
3,generalmente,0.006543
3,generar,-0.000774
3,genetico,0.001092
3,glandular,0.01842
3,glandulo,-0.014404
3,globulo,0.00421
3,gluco,0.005439
3,grado,-0.005042
3,gradualmente,0.000534
3,gran,0.001346
3,grasa,0.005789
3,grasos,0.002492
3,grueso,0.001154
3,habilidad,0.002719
3,habitar,0.006684
3,hablar,0.008329
3,hacia,-0.002686
3,haz,0.019765
3,hcc,0.019036
3,health,0.004592
3,heces_claras,0.008158
3,hecho,0.000585
3,hellmar,0.005335
3,hematomar,0.003174
3,hepatitis,0.014843
3,hepatoblasto,0.004079
3,hepatoblastomar,0.006799
3,hepatocelular,0.005439
3,hepatocito,0.004079
3,heredar,-0.000774
3,hereditario,0.000577
3,hermano,-0.004802
3,hez,0.006836
3,higado,0.075734
3,hijo,-0.000774
3,hinchazon,0.008388
3,hinchazon_abdominal,0.008158
3,hinchazon_mama,0.000401
3,hipercalcemiar,0.005335
3,hombr,-0.000774
3,hombro,0.005335
3,hongo,0.002719
3,hora,-0.005337
3,hormona,0.014458
3,hormonar,0.005335
3,horner,0.005335
3,hueso,0.001574
3,humphreys,-0.004268
3,ictericia,0.020846
3,ictericio,0.015401
3,igual,-0.000774
3,importancia,0.00989
3,impreciso,0.000665
3,incidencia,0.006799
3,incluido,0.006747
3,incluso,-0.003228
3,incontinencia,-0.004268
3,indicio,0.000241
3,indigestion,0.000951
3,indiz,0.001938
3,infeccion,0.119764
3,inferior,0.003193
3,inflamacion,0.00152
3,inflamatorio,0.000657
3,informar,-0.00878
3,informartar,0.006396
3,informativo,-0.00238
3,informe,0.008055
3,ingesto,-0.000774
3,ingl,0.012884
3,inicial,0.000789
3,inmediato,0.005869
3,inmunoterapia,0.012444
3,inmunoterapio,0.003115
3,instruccion,-0.001589
3,instrumento,0.01706
3,insulin,0.005614
3,integral,-0.001557
3,interior,-0.00102
3,intestinal,0.000866
3,intestino,0.008189
3,inusual,0.011182
3,invadir,0.002707
3,invasivo,0.001411
3,investigacion,0.002227
3,involucrado,0.003226
3,involuntario,-0.001845
3,irregular,-0.002588
3,irritacion,0.00016
3,junto,-0.000774
3,justo,-0.004109
3,labio,-0.005337
3,lado,0.006695
3,largo,0.004656
3,lawrence,0.005335
3,lentamente,-0.002402
3,lesion,-0.0146
3,letterir,-0.00238
3,leucemia,0.030895
3,libre,-0.005337
3,libro,0.00112
3,limbico,0.008003
3,limitar,0.006396
3,linfatico,0.01024
3,linfocitico,0.002532
3,lippincott,0.005335
3,liquido,-0.000196
3,llegar,0.001358
3,llevar,0.012317
3,lograr,0.004551
3,lucrir,0.004523
3,luego,0.015277
3,lugar,0.01128
3,lunar,-0.032021
3,lung,0.021342
3,luz,-0.031497
3,madre,0.016337
3,maduracion,0.002719
3,magnetico,0.000585
3,mama,-0.000503
3,mancha,-0.018173
3,mano,-0.010674
3,mantener,-0.000774
3,mantir,0.006684
3,mareo,0.008003
3,masa,0.070954
3,masculino,-0.01067
3,matar,0.006396
3,maximo,0.002719
3,mayoclinic,0.006396
3,mayoriar,0.003008
3,mediante,-0.006113
3,medida,0.006015
3,medido,-0.00054
3,medio,0.002719
3,medula,0.001519
3,medula_osea,0.004052
3,mejorar,-0.0016
3,melanoma,-0.021347
3,melanomo,-0.024016
3,memorio,0.005335
3,menopausia,0.01706
3,menor,-0.001557
3,menos,0.006519
3,menstrual,0.02559
3,menudo,0.011317
3,metastasico,-0.008782
3,metastasis,0.002719
3,miccion_frecuente,-0.014938
3,microcitico,0.080031
3,mielogen,0.003039
3,mientras,0.00989
3,minucioso,0.006396
3,minuto,0.000577
3,mirar,0.003728
3,mision,0.004523
3,mismo,0.015225
3,molecula,0.004079
3,momento,0.002925
3,moretones,0.003545
3,morir,-0.009038
3,motivo,-0.004268
3,muerte,0.002719
3,muertir,0.002719
3,mujer,0.018336
3,multiplicar,-0.004007
3,multipliquen,-0.004802
3,mundo,-0.000774
3,muscular,0.005335
3,musculo,0.005335
3,mutacion,0.000824
3,mutar,0.002719
3,natural,0.010178
3,nausea,0.020448
3,navigation,0.004072
3,necesario,0.001068
3,necesidad,-0.0016
3,negro,-0.013672
3,nervio,0.009249
3,nervioso,0.008003
3,neurologico,0.005335
3,ningun,0.005588
3,ninguno,0.004614
3,nino,0.004745
3,noche,-0.001627
3,non,0.005335
3,normal,-0.003176
3,normalidad,0.001866
3,normalmente,0.001183
3,norte,0.002719
3,nota,-0.001845
3,notch,0.005439
3,novedad,0.003914
3,numero,0.027108
3,nunca,0.01706
3,nutrient,-0.001845
3,obesidad,-0.00631
3,objetivo,0.008818
3,observar,-0.001422
3,obstante,0.00602
3,ocasion,0.011022
3,occidental,0.001648
3,ocultar,0.004072
3,ojo,0.007985
3,olor,0.01706
3,oncology,0.008003
3,onda,0.002719
3,oportunidad,0.004523
3,oreja,-0.010674
3,org,0.006396
3,organismo,0.011756
3,organo,0.007927
3,origen,-0.004268
3,originar,-0.000916
3,orina,-0.037161
3,orina_oscura,0.014389
3,oscuro,0.003896
3,oseir,-0.003255
3,ovario,0.006396
3,padecer,0.017855
3,padre,-0.005577
3,pai,0.002878
3,palabra,0.002719
3,paliativo,0.005335
3,palidez,0.002532
3,palpar,0.001326
3,pancoast,0.008003
3,pancreas,0.107277
3,papanicolaou,0.093829
3,papel,0.007756
3,paraneoplasico,0.026677
3,parecer,-0.006139
3,pareja,0.03412
3,pariente,-0.006648
3,participar,0.006396
3,partir,0.004262
3,pasar,0.006173
3,paso,0.006396
3,patologico,0.005439
3,patologo,0.002719
3,patrocinio,0.004523
3,pdf,0.004072
3,pdq,0.005335
3,peca,-0.008005
3,pecar,-0.004109
3,pecho,0.006581
3,pedir,0.015404
3,pelvico,0.02559
3,pequenar,0.000534
3,perder,0.001823
3,perdida_apetito,0.008428
3,perdida_peso,0.025477
3,periodo,0.019779
3,persistente,0.001301
3,personal,0.011486
3,pertinente,0.006396
3,pezon,0.000481
3,pezon_invertido,0.000481
3,philadelphia,0.008003
3,picazon,-0.012096
3,piel,-0.231638
3,pierna,-0.004979
3,plano,0.01706
3,planta,-0.001309
3,plaqueta,0.001013
3,poblacion,0.011249
3,podriar,0.004421
3,podrio,0.038316
3,polipo,0.002597
3,politico,0.00719
3,poner,0.00516
3,porcentaje,0.011249
3,posibilidad,0.004551
3,positivo,0.002719
3,potente,0.006396
3,practicar,0.005335
3,prb,0.004079
3,preguntar,0.021421
3,presencia,-0.002908
3,presion,0.005335
3,presionar,0.005065
3,prevencion,0.019574
3,prevenir,0.031833
3,principalmente,0.001013
3,principio,-0.001339
3,principl,0.005335
3,privacion,-0.004268
3,probabilidad,0.005934
3,probable,0.010177
3,problema,0.035734
3,procedimiento,0.016585
3,procesado,0.001648
3,produccion,0.010024
3,producido,0.006685
3,profundo,0.020974
3,prolifera,-0.006402
3,proliferacion,0.005961
3,proliferar,-0.013873
3,promedio,0.001937
3,propagado,0.014568
3,propagar,0.004072
3,prostata,-0.217661
3,prostatar,-0.006402
3,proteccion,-0.005337
3,protector,-0.013342
3,protein,0.017676
3,proteinar,0.002719
3,proveedor,0.03412
3,provenir,-0.002617
3,provocar,0.011328
3,pulmon,0.215846
3,quemadurar,-0.008005
3,querer,-0.003022
3,quier,0.006396
3,quimicar,-0.000774
3,quimioterapiar,0.027283
3,quimioterapio,0.003201
3,radiacion,0.003193
3,radioterapia,0.016195
3,radioterapiir,-0.000888
3,radioterapio,0.000534
3,rapidamente,0.001962
3,rapidez,-0.001627
3,rapido,0.000239
3,raro,0.00989
3,rayo,0.005861
3,raza,-0.006113
3,razon,0.000822
3,recaudacion,0.004523
3,recoger,0.01706
3,recomendar,-0.002043
3,recto,-0.000517
3,recubrir,0.02559
3,referir,0.002719
3,regular,0.016088
3,relacion,0.089378
3,relacionado,0.024939
3,reporte,0.002719
3,reproductivo,-0.004268
3,reproductor,0.027718
3,requerir,0.004027
3,residir,0.002719
3,resonancia,0.000585
3,respaldar,0.004523
3,respecto,-0.004268
3,respiracion,0.003914
3,respirar,0.005335
3,resultado,0.002392
3,resultar,0.011249
3,revisatir,-0.005337
3,rinon,0.005335
3,ritmo,-0.004296
3,rojo,0.0025
3,ronquera,0.010671
3,ropa,-0.010674
3,rosenberg,0.005335
3,rosenbergs,0.005335
3,rostro,-0.005338
3,rutin,0.017218
3,saciedad_temprana,0.00111
3,saltar,0.004072
3,saludable,-0.018051
3,sangrado,0.069965
3,sangrado_piel,-0.013342
3,sangrado_rectal,0.002308
3,sangrado_vaginal,0.068239
3,sangre_esputo,0.016006
3,sangre_heces,0.003101
3,sangre_orina,-0.014938
3,sanguinear,0.004052
3,sanguineo,0.009012
3,sclc,0.005335
3,secrecion,0.004108
3,secrecion_pezon,0.000561
3,sed,0.003914
3,seguir,0.012545
3,segun,0.016789
3,segundo,0.003646
3,seguro,0.008818
3,semar,-0.012804
3,sensacion,0.000606
3,sensibilidad,0.000587
3,sentar,0.009036
3,sentir,0.018306
3,sero,0.006396
3,sexual,0.180488
3,siadh,0.008003
3,siempre,0.004974
3,siglo,0.014224
3,significar,-0.004751
3,similar,-0.000486
3,sindromar,0.010671
3,sindrome,0.029633
3,sintomatico,0.002719
3,small,0.016006
3,sobreviviente,0.003914
3,sol,-0.096064
3,solicite,-0.004007
3,solo,0.01703
3,sombra,-0.005337
3,sospechar,0.00989
3,sudoracion_nocturna,0.002532
3,suficiente,0.006684
3,sufrir,-0.00102
3,sugerir,0.01706
3,superficie,0.004553
3,superior,0.016539
3,supervivencio,0.004072
3,supresor,0.008158
3,sustancia,0.004499
3,tabaco,-0.000774
3,tabaquismo,0.017366
3,tal,0.008527
3,tamano,-0.004577
3,tasa,0.012231
3,ten,-0.000774
3,tender,0.007301
3,terapiar,0.017687
3,termino,0.001648
3,testosteronar,-0.002908
3,tienda,-0.004514
3,tipico,-0.001845
3,tomo,0.01706
3,tos,0.016006
3,tos_persistente,0.021342
3,tragar,0.005335
3,transcripcion,0.001945
3,transmision,0.029669
3,trasmitar,0.01706
3,trastorno,0.001866
3,tratar,0.007126
3,trav,0.012609
3,treatment,0.005335
3,tumoral,0.005439
3,ubicacion,0.001648
3,ubicado,0.002719
3,ulcero,0.000736
3,ultravioleta,-0.013342
3,urologo,-0.006402
3,uso,0.000288
3,usted,0.002826
3,usualmente,0.002719
3,utero,0.554444
3,uv,-0.013342
3,vacuna,0.044009
3,vaginal,0.051179
3,vaginar,0.02559
3,variar,-0.000188
3,variedad,-0.004711
3,vejigar,-0.006402
3,velocidad,-0.003255
3,vena,0.01992
3,verdura,-0.003402
3,version,0.003183
3,vesicular,0.005212
3,vesiculo,0.002606
3,vhb,0.009518
3,vhc,0.004079
3,via,0.007817
3,video,0.004796
3,vih,0.005861
3,virion,0.002719
3,virus,0.195073
3,virus_papiloma,0.180488
3,visitar,0.006396
3,visto,0.001893
3,vitamina,-0.001557
3,viviriar,-0.004802
3,vomito,0.010025
3,vph,0.162068
3,zona,-0.002301
