document_id,term_id,term,frequency
1,2,abdominal,1
1,3,abeloff,1
1,4,ablacion,1
1,13,acabar,1
1,14,acceso,1
1,15,accessed,1
1,17,acerca,2
1,20,acth,1
1,24,actua,1
1,26,actualizacion,1
1,29,acudir,1
1,32,acumulacion,1
1,34,acumule,1
1,43,adh,1
1,47,adormecimiento,1
1,49,adrenocorticotropico,1
1,53,afeccion,2
1,55,afectar,5
1,73,agua,1
1,76,ahora,1
1,85,alguno,1
1,86,aliento,1
1,96,almacenar,1
1,97,alrededor,1
1,100,alto,2
1,101,amarillentar,1
1,107,americar,3
1,113,ampliar,1
1,114,amplio,1
1,140,anticuerpo,1
1,141,antidiureticar,1
1,142,antidiuretico,1
1,146,aparecer,3
1,147,aparicion,1
1,149,apetito,2
1,153,apoyo,1
1,158,araujo,1
1,162,armitage,1
1,165,arterial,2
1,168,asi,4
1,176,asocian,1
1,181,atacar,3
1,183,ataque,1
1,185,aumentar,1
1,186,aumento,1
1,187,aun,2
1,188,aunque,2
1,191,autor,1
1,202,ayudeno,1
1,204,azucar,1
1,205,azulado,1
1,207,bajo,1
1,224,bien,1
1,243,brazo,4
1,246,brindar,1
1,250,bronquitis,1
1,255,cabeza,3
1,259,cadera,1
1,261,caido,1
1,263,calambre,1
1,264,calcio,2
1,271,cambio,5
1,272,caminar,1
1,273,campo,1
1,277,canceroso,3
1,279,cansancio,2
1,283,cara,3
1,285,carbonir,1
1,288,cardiaco,1
1,293,caso,2
1,295,causa,9
1,296,causado,2
1,298,causar,12
1,299,causas,1
1,301,cava,4
1,302,cell,6
1,305,celula,21
1,309,centro,1
1,311,cerca,1
1,314,cerebelo,1
1,315,cerebelos,1
1,316,cerebro,5
1,320,certificacion,1
1,322,chapter,2
1,324,chiang,1
1,327,cierto,1
1,335,cirugio,2
1,344,clave,1
1,345,clavicular,1
1,347,clinical,1
1,364,color,2
1,365,coloracion,1
1,382,comienzo,2
1,391,comportamiento,1
1,394,compuesto,1
1,396,comun,3
1,397,comunicar,1
1,400,conciencio,1
1,407,confianza,1
1,410,confusion,2
1,415,conocer,1
1,417,conocimiento,1
1,427,consulte,1
1,435,continuar,1
1,444,controlar,1
1,449,convulsion,3
1,450,corazon,1
1,454,cortisol,1
1,455,cosa,1
1,463,creer,1
1,467,criticar,1
1,473,cualquiera,3
1,480,cuello,2
1,482,cuerpo,2
1,483,cuestionario,1
1,484,cuidado,1
1,493,cushing,4
1,498,dane,1
1,500,dar,2
1,502,data,1
1,506,debido,2
1,507,debil,1
1,508,debilidad,7
1,515,decker,1
1,521,degeneracion,1
1,528,demasiado,1
1,534,denominar,1
1,535,dentro,1
1,540,derecho,2
1,544,desaparecer,2
1,552,descargar,1
1,557,descubrir,1
1,566,despu,2
1,567,despues,1
1,569,deteccion,2
1,572,determinacion,2
1,574,determinar,2
1,576,detterbeck,1
1,578,devito,4
1,580,diabet,1
1,583,diagnosticar,1
1,585,diagnostico,2
1,599,dificultad,4
1,608,dirigido,1
1,615,disenado,1
1,620,distante,2
1,621,distinto,3
1,626,dolor,7
1,629,donant,1
1,630,donar,1
1,631,donir,2
1,633,doroshow,1
1,642,eaton,1
1,644,ectopico,1
1,647,editor,1
1,648,editorial,1
1,649,eds,3
1,650,efectivo,1
1,654,ejemplo,2
1,660,elsevier,1
1,668,emocion,1
1,669,empeora,2
1,676,encargado,1
1,678,encefaliti,1
1,679,encima,1
1,685,endocrino,3
1,688,enfermedad,3
1,689,enfermerio,1
1,695,entrar,1
1,710,equilibrio,2
1,711,equipo,2
1,714,error,2
1,718,escrito,1
1,721,espalda,1
1,727,especifico,1
1,731,espinal,1
1,733,esputo,1
1,736,estadistica,1
1,746,estrenimiento,1
1,751,etapa,6
1,753,etapas,2
1,780,existir,1
1,783,experiencia,1
1,793,extender,1
1,805,facil,1
1,807,factor,3
1,810,falta,1
1,812,familia,1
1,816,fatigar,1
1,819,febrero,1
1,834,flema,1
1,847,frecuencia,3
1,867,ganglio,2
1,878,generoso,1
1,885,glandula,1
1,893,gracias,1
1,895,gradualmente,1
1,897,grande,1
1,902,grave,1
1,907,grupo,3
1,917,hablar,2
1,920,hacer,5
1,926,hann,1
1,931,health,1
1,934,hellmar,2
1,935,hematoma,1
1,956,higado,1
1,958,hinchazon,2
1,959,hipercalcemia,2
1,961,hipertension,1
1,965,hombro,2
1,970,hormona,6
1,971,hormonar,2
1,972,horn,1
1,973,horner,2
1,977,https,1
1,978,hueso,2
1,981,humor,1
1,984,ictericio,1
1,995,importante,2
1,1000,inadecuado,1
1,1004,incluido,1
1,1005,incluir,1
1,1007,incluso,1
1,1017,indiz,1
1,1022,inestabilidad,1
1,1023,inexplicable,1
1,1025,infeccion,1
1,1037,informe,2
1,1040,ingl,3
1,1049,inmediato,3
1,1050,inmunitario,5
1,1051,inmunoterapia,1
1,1052,inmunoterapio,1
1,1054,institutir,1
1,1060,intenso,1
1,1073,investigacion,1
1,1084,jan,1
1,1089,kastan,1
1,1091,labor,1
1,1094,lado,2
1,1095,lambert,1
1,1099,lawrence,2
1,1111,levantarel,1
1,1117,limbico,3
1,1121,linfatico,2
1,1128,lippincott,2
1,1129,liquido,1
1,1133,llamado,3
1,1134,llamar,2
1,1137,llevar,2
1,1141,luego,1
1,1142,lugar,3
1,1144,lung,8
1,1169,mareo,3
1,1179,mayor,2
1,1180,mayoria,1
1,1182,mayorio,1
1,1185,medicamento,1
1,1186,medico,9
1,1193,medular,1
1,1195,mejorar,1
1,1202,memoria,2
1,1209,menudo,1
1,1210,merritt,1
1,1221,microcitico,25
1,1234,mismo,2
1,1247,moreton,1
1,1249,mortal,1
1,1251,mostrar,1
1,1256,movimiento,1
1,1269,muscular,2
1,1270,musculo,2
1,1277,national,1
1,1279,nausea,2
1,1280,navigation,1
1,1282,necesario,2
1,1283,necesidad,1
1,1289,nervio,3
1,1290,nerviosismo,1
1,1291,nervioso,3
1,1292,neumonia,1
1,1293,neuroendocrine,1
1,1294,neurologico,2
1,1295,neuromuscular,1
1,1296,niederhuber,1
1,1298,ninguno,1
1,1300,nivel,4
1,1303,nodulo,1
1,1305,non,2
1,1312,notar,1
1,1315,novedad,1
1,1316,nsclc,1
1,1338,ocultar,1
1,1340,ojo,3
1,1345,oncologiar,1
1,1346,oncology,3
1,1348,opcion,2
1,1357,organo,3
1,1365,orinar,1
1,1366,oscuro,1
1,1375,oxido,1
1,1383,paliativo,2
1,1387,pancoast,3
1,1398,paraneoplasico,10
1,1399,paratiroidea,1
1,1402,parecido,1
1,1407,parpado,1
1,1408,parte,9
1,1412,pasar,1
1,1423,pdf,1
1,1424,pdq,2
1,1426,pecho,3
1,1428,peligro,1
1,1434,peptido,1
1,1436,pequena,17
1,1437,pequenar,1
1,1442,perdido,5
1,1448,persona,3
1,1449,personal,1
1,1450,personalidad,1
1,1452,peso,2
1,1456,philadelphia,3
1,1457,physician,1
1,1461,piel,2
1,1462,pierna,1
1,1463,piernar,1
1,1474,poder,37
1,1480,podrio,1
1,1484,politico,1
1,1485,poner,1
1,1489,posible,2
1,1493,potencialmente,1
1,1495,practicar,2
1,1501,pregunta,1
1,1517,presion,2
1,1519,prevencion,2
1,1520,prevenir,1
1,1523,primero,4
1,1527,principl,2
1,1529,probabilidad,2
1,1530,probable,2
1,1533,problema,7
1,1535,procedimiento,2
1,1541,producir,5
1,1546,professional,1
1,1547,profundo,1
1,1558,propagacion,1
1,1559,propagado,4
1,1560,propagar,1
1,1577,protegido,1
1,1586,provocar,4
1,1589,prueba,1
1,1590,pthrp,1
1,1592,pulmon,67
1,1593,pulmonar,2
1,1595,pupila,1
1,1600,query,1
1,1606,quimioterapio,2
1,1614,radiofrecuencia,1
1,1615,radioterapia,1
1,1618,radioterapio,1
1,1628,razon,1
1,1633,recibir,1
1,1634,reciente,1
1,1646,recurso,1
1,1649,referencia,1
1,1656,reimpresion,1
1,1657,rekhtmar,1
1,1659,relacionado,1
1,1676,requerir,1
1,1684,respiracion,1
1,1685,respirar,2
1,1691,retencion,1
1,1692,retener,1
1,1698,rfa,1
1,1699,riesgo,3
1,1700,rinon,2
1,1701,risa,1
1,1705,rojo,1
1,1707,ronquera,1
1,1711,rosenberg,2
1,1712,rosenbergs,2
1,1713,rostro,1
1,1715,rudin,1
1,1720,sal,1
1,1721,salivo,1
1,1722,saltar,1
1,1728,sangre,8
1,1730,sanguineo,1
1,1733,sclc,2
1,1734,secrecion,1
1,1738,sed,1
1,1741,seguir,1
1,1742,segun,2
1,1743,segundo,1
1,1758,sentado,1
1,1763,ser,5
1,1770,shilo,1
1,1771,siadh,3
1,1772,sibilancia,1
1,1778,sigla,2
1,1782,signo,6
1,1783,siguiente,3
1,1788,sindrom,8
1,1789,sindromar,4
1,1790,sindrome,11
1,1792,sintoma,22
1,1796,sistema,11
1,1798,small,6
1,1801,sobreviviente,1
1,1804,society,3
1,1811,solicitud,1
1,1817,somnolencio,1
1,1821,sospeche,1
1,1824,stewart,1
1,1831,sueno,1
1,1839,superior,8
1,1840,supervivencio,1
1,1841,suprarrenal,1
1,1845,sustancia,1
1,1847,svc,1
1,1850,tal,2
1,1852,tambien,5
1,1853,tanoue,1
1,1854,tasa,1
1,1856,tejido,1
1,1857,temprano,4
1,1861,tener,1
1,1864,tepper,1
1,1865,terapia,1
1,1866,terapiar,1
1,1870,tiempo,1
1,1876,tipo,4
1,1885,torrente,1
1,1886,tos,3
1,1890,traductor,1
1,1891,tragar,2
1,1897,transpiracion,1
1,1906,tratamiento,12
1,1908,tratarel,2
1,1910,treatment,2
1,1915,ttf,1
1,1916,tumor,12
1,1918,tumors,1
1,1919,types,1
1,1929,union,1
1,1937,uso,1
1,1938,usted,1
1,1958,vea,2
1,1963,vena,6
1,1964,venas,1
1,1967,version,1
1,1972,vez,4
1,1976,vida,2
1,1977,video,1
1,1978,vido,1
1,1994,visto,1
1,2000,volver,1
1,2001,volverel,1
1,2002,vomito,2
1,2005,welliver,1
1,2006,wilkins,2
1,2007,williams,2
1,2008,www,1
1,2009,zona,2
2,30,acuerdo,1
2,37,adema,1
2,53,afeccion,1
2,106,americano,1
2,146,aparecer,1
2,159,ardor,1
2,188,aunque,1
2,190,autoexploracion,1
2,197,axila,1
2,235,blandos,1
2,242,borde,1
2,252,bulto,8
2,271,cambio,4
2,277,canceroso,2
2,293,caso,2
2,298,causar,1
2,312,cercano,1
2,340,claro,1
2,396,comun,2
2,426,consultar,1
2,433,contar,1
2,459,crecer,1
2,473,cualquiera,1
2,478,cubrir,1
2,494,cutanea,1
2,522,dej,1
2,528,demasiado,1
2,533,denominado,1
2,550,descamacion,1
2,569,deteccion,1
2,626,dolor,9
2,640,duro,1
2,670,empeorar,1
2,688,enfermedad,1
2,691,engrosamiento,1
2,692,enrojecimiento,2
2,735,estadio,1
2,763,evidente,1
2,785,explicacion,1
2,840,formacion,2
2,841,formar,1
2,847,frecuencia,1
2,849,frecuente,1
2,902,grave,1
2,975,hoyo,1
2,976,hoyuelo,1
2,1015,indicio,3
2,1018,indoloro,1
2,1025,infeccion,1
2,1028,inflamacion,2
2,1031,inflamatorio,1
2,1069,inusual,2
2,1072,inversion,1
2,1082,irregular,1
2,1083,irritacion,2
2,1100,leche,1
2,1156,mama,17
2,1158,mamas,2
2,1171,masa,3
2,1186,medico,2
2,1206,menos,1
2,1207,mensaje,19
2,1297,ningun,1
2,1298,ninguno,1
2,1380,paget,1
2,1385,palpar,1
2,1408,parte,1
2,1419,patrocinador,19
2,1438,pequeno,1
2,1439,percibas,1
2,1455,pezon,6
2,1461,piel,3
2,1474,poder,9
2,1489,posible,1
2,1518,presionar,1
2,1523,primero,3
2,1529,probabilidad,1
2,1541,producir,1
2,1586,provocar,1
2,1591,pueda,1
2,1608,quiste,1
2,1610,quizar,1
2,1619,rapidamente,1
2,1634,reciente,1
2,1647,redondeado,1
2,1731,sano,1
2,1734,secrecion,1
2,1755,seno,1
2,1757,sensibilidad,1
2,1761,sentirel,1
2,1763,ser,5
2,1783,siguiente,1
2,1792,sintoma,7
2,1794,sintomas,1
2,1803,sociedad,1
2,1808,soler,1
2,1825,suave,1
2,1852,tambien,1
2,1856,tejido,1
2,1857,temprano,1
2,1859,tender,1
2,1876,tipo,1
2,1916,tumor,1
2,1954,variar,1
2,1972,vez,2
2,2009,zona,1
3,1,abdomen,1
3,2,abdominal,1
3,17,acerca,1
3,23,actividad,2
3,41,adenomatos,1
3,46,adn,3
3,50,adulto,1
3,52,advertisement,1
3,53,afeccion,2
3,55,afectar,1
3,67,agrandar,1
3,81,alcohol,4
3,87,alimentacion,3
3,91,alimento,1
3,97,alrededor,1
3,100,alto,3
3,118,analizar,1
3,129,ano,3
3,137,antecedente,3
3,139,anterior,1
3,144,antioxidant,1
3,146,aparecer,1
3,155,aquel,1
3,161,areo,1
3,164,arrojado,1
3,179,aspirina,1
3,180,aspirinar,2
3,184,atencion,6
3,185,aumentar,13
3,187,aun,1
3,188,aunque,1
3,194,avanzado,1
3,196,aviso,3
3,200,ayudar,5
3,207,bajo,2
3,217,beber,2
3,218,bebes,1
3,219,bebida,1
3,220,bebido,1
3,222,benigno,1
3,240,boletin,1
3,241,book,1
3,263,calambre,1
3,267,caloria,2
3,269,camara,1
3,271,cambio,7
3,279,cansancio,1
3,280,cantidad,2
3,289,care,1
3,290,carne,2
3,293,caso,1
3,295,causa,2
3,298,causar,2
3,304,celuel,1
3,305,celula,10
3,313,cereal,1
3,317,cerrar,1
3,325,ciclo,1
3,333,cirugia,1
3,336,cita,1
3,340,claro,1
3,346,clinic,11
3,361,coliti,1
3,362,colon,63
3,363,colonoscopia,1
3,367,colorrectal,2
3,370,comar,2
3,373,combin,1
3,374,combinar,1
3,376,comenzar,5
3,378,comer,1
3,379,comercial,2
3,384,compania,1
3,418,consanguineo,1
3,423,considerar,2
3,425,consulta,1
3,426,consultar,1
3,429,consumir,1
3,434,contener,1
3,437,continuo,1
3,445,controlarel,1
3,448,convertirel,1
3,453,correr,2
3,469,crohn,1
3,473,cualquiera,3
3,474,cuanto,1
3,482,cuerpo,3
3,504,deber,2
3,506,debido,1
3,508,debilidad,1
3,512,decidir,1
3,517,defecacion,1
3,523,dejar,1
3,524,dejarel,1
3,528,demasiado,1
3,532,denomina,1
3,537,dependar,1
3,549,desarrollo,1
3,553,descomponer,1
3,561,desigual,1
3,562,despacio,1
3,565,desprenderel,1
3,568,destruir,1
3,569,deteccion,5
3,570,detectar,1
3,574,determinar,1
3,579,dia,4
3,580,diabet,1
3,581,diabetes,1
3,586,diar,2
3,587,diario,2
3,588,diarrear,1
3,589,dietar,1
3,597,diferente,1
3,602,digestivir,1
3,603,digestivo,3
3,604,digital,1
3,608,dirigido,2
3,610,disemin,1
3,612,diseminarel,1
3,626,dolor,2
3,635,dos,1
3,636,dosis,1
3,645,edad,3
3,646,edicion,2
3,654,ejemplo,1
3,655,ejercicio,5
3,657,elegir,1
3,658,elevado,2
3,663,embargo,3
3,672,empezar,2
3,681,encontrar,1
3,682,encontrarlo,1
3,688,enfermedad,4
3,711,equipo,4
3,740,estilo,1
3,746,estrenimiento,1
3,750,estudio,1
3,767,exactamente,1
3,770,examen,6
3,773,examinar,1
3,777,exceso,1
3,780,existir,2
3,800,extirparlo,1
3,807,factor,3
3,812,familia,2
3,813,familiar,4
3,814,family,1
3,823,fibra,3
3,829,financiar,1
3,830,fines,1
3,832,fisico,2
3,835,flexible,1
3,841,formar,3
3,848,frecuencio,1
3,849,frecuente,2
3,851,fruta,3
3,860,fumar,3
3,864,future,1
3,865,futuro,1
3,869,gas,1
3,874,general,4
3,896,gran,1
3,899,grasa,2
3,906,grueso,4
3,907,grupo,1
3,910,haber,1
3,913,habito,1
3,917,hablar,3
3,920,hacer,5
3,927,haz,2
3,928,hazlo,1
3,931,health,3
3,948,hereditario,2
3,949,hereditary,1
3,954,hez,1
3,955,hiciste,1
3,958,hinchazon,1
3,964,hombre,1
3,990,imagen,1
3,999,inactivo,1
3,1005,incluir,1
3,1013,indicar,2
3,1030,inflamatoria,2
3,1036,informativo,1
3,1041,ingles,1
3,1052,inmunoterapio,1
3,1055,instruccion,1
3,1057,insulin,1
3,1058,integral,2
3,1062,interior,1
3,1064,intestinal,3
3,1065,intestino,6
3,1070,invadir,1
3,1073,investigacion,1
3,1078,involuntario,1
3,1098,largo,2
3,1106,letter,1
3,1115,libro,4
3,1133,llamado,4
3,1134,llamar,2
3,1135,llegar,1
3,1139,lograr,1
3,1140,lucrir,1
3,1146,lynch,1
3,1161,manera,1
3,1165,mantenerel,1
3,1167,mantir,1
3,1171,masa,1
3,1177,mayo,11
3,1179,mayor,8
3,1181,mayoriar,1
3,1182,mayorio,3
3,1183,mediante,1
3,1184,medica,3
3,1185,medicamento,5
3,1186,medico,6
3,1203,mencionar,1
3,1205,menor,2
3,1206,menos,2
3,1214,metastasico,1
3,1226,miembro,1
3,1228,mineral,1
3,1230,minuto,2
3,1233,mision,1
3,1238,moderacion,1
3,1241,molestia,1
3,1248,morir,2
3,1251,mostrar,1
3,1255,moviendote,1
3,1262,mujer,1
3,1265,multiplicar,1
3,1278,natural,1
3,1285,necesitario,1
3,1286,necesitas,1
3,1288,negro,2
3,1311,nota,1
3,1325,nutrient,1
3,1326,obesidad,3
3,1327,objetivo,1
3,1333,obtener,1
3,1336,occidental,1
3,1339,ocurrir,2
3,1348,opcion,4
3,1349,oportunidad,1
3,1357,organo,1
3,1370,ostomia,1
3,1378,padecer,1
3,1406,pariente,1
3,1408,parte,6
3,1420,patrocinio,1
3,1438,pequeno,1
3,1440,perder,2
3,1442,perdido,1
3,1445,permitir,1
3,1446,persistente,1
3,1448,persona,15
3,1449,personal,1
3,1452,peso,5
3,1461,piel,2
3,1474,poder,17
3,1480,podrio,1
3,1482,polipo,9
3,1483,poliposis,1
3,1484,politico,1
3,1488,posibilidad,1
3,1504,preguntar,1
3,1506,preocupar,1
3,1513,presentar,1
3,1519,prevencion,2
3,1520,prevenir,2
3,1521,preventivo,1
3,1523,primero,1
3,1526,principio,1
3,1530,probable,1
3,1536,procesado,1
3,1541,producir,1
3,1542,producirel,1
3,1543,producto,4
3,1545,profesional,2
3,1549,programa,2
3,1551,progresivamente,1
3,1553,proliferacion,1
3,1557,promedio,2
3,1561,propenso,1
3,1586,provocar,2
3,1589,prueba,3
3,1604,quimioterapia,1
3,1615,radioterapia,2
3,1616,radioterapiar,1
3,1619,rapidamente,1
3,1627,razas,1
3,1628,razon,1
3,1632,recaudacion,1
3,1638,recomendar,3
3,1641,rectal,1
3,1642,recto,3
3,1648,reducir,7
3,1653,regular,2
3,1654,regularidad,1
3,1660,relacionar,1
3,1677,reservar,1
3,1680,resistencia,1
3,1682,respaldar,1
3,1687,resultado,1
3,1699,riesgo,33
3,1705,rojo,1
3,1718,saber,3
3,1723,salud,6
3,1724,saludable,4
3,1726,sangrado,2
3,1728,sangre,1
3,1731,sano,2
3,1741,seguir,1
3,1744,seguro,1
3,1747,semana,1
3,1756,sensacion,1
3,1763,ser,3
3,1783,siguiente,3
3,1784,similar,1
3,1788,sindrom,2
3,1790,sindrome,1
3,1792,sintoma,7
3,1796,sistema,4
3,1808,soler,3
3,1810,solicite,1
3,1818,sonda,1
3,1832,suficiente,1
3,1833,sufrir,1
3,1835,suministros,1
3,1851,tamano,1
3,1852,tambien,2
3,1856,tejido,1
3,1861,tener,7
3,1866,terapiar,1
3,1868,termino,1
3,1870,tiempo,4
3,1871,tienda,1
3,1872,tiendo,1
3,1875,tipico,1
3,1876,tipo,4
3,1879,tomar,1
3,1888,trabajar,1
3,1906,tratamiento,1
3,1907,tratar,2
3,1916,tumor,1
3,1920,ubicacion,1
3,1922,ulcera,1
3,1923,ulceros,1
3,1924,ultimo,1
3,1936,usar,2
3,1937,uso,1
3,1947,vacia,1
3,1953,variado,1
3,1955,variedad,3
3,1966,verdura,3
3,1967,version,2
3,1972,vez,1
3,1976,vida,2
3,1985,vincularel,1
3,1996,vitamina,2
3,1998,vivir,2
3,2009,zona,1
4,46,adn,6
4,50,adulto,1
4,51,advertenciar,1
4,52,advertisement,1
4,53,afeccion,1
4,67,agrandar,5
4,77,aire,2
4,78,ajustado,1
4,80,ala,1
4,92,alla,1
4,97,alrededor,2
4,100,alto,3
4,114,amplio,1
4,115,ampolla,1
4,122,ancho,1
4,129,ano,1
4,137,antecedente,4
4,138,anteojo,1
4,146,aparecer,3
4,148,apariencia,1
4,150,aplicar,1
4,151,aplicarel,1
4,157,arabe,1
4,184,atencion,4
4,185,aumentar,6
4,186,aumento,1
4,187,aun,1
4,188,aunque,1
4,196,aviso,3
4,200,ayudar,1
4,211,basal,7
4,213,basocelular,8
4,224,bien,1
4,234,blanco,4
4,240,boletin,1
4,241,book,1
4,242,borde,2
4,243,brazo,3
4,245,brillante,1
4,249,bronceadora,7
4,251,buen,1
4,252,bulto,3
4,254,cabelludo,2
4,257,cada,1
4,268,cama,7
4,270,cambiar,1
4,271,cambio,10
4,277,canceroso,5
4,280,cantidad,1
4,281,capa,1
4,283,cara,2
4,286,carcinoma,19
4,287,carcinomar,1
4,293,caso,1
4,295,causa,7
4,298,causar,1
4,304,celuel,7
4,305,celula,28
4,317,cerrar,5
4,327,cierto,1
4,336,cita,1
4,340,claro,2
4,346,clinic,7
4,364,color,5
4,366,colores,1
4,371,combate,1
4,376,comenzar,4
4,379,comercial,2
4,384,compania,1
4,396,comun,2
4,415,conocer,1
4,418,consanguineo,1
4,425,consulta,1
4,426,consultar,1
4,434,contener,2
4,439,contraer,1
4,444,controlar,1
4,457,costra,1
4,463,creer,1
4,464,cremo,1
4,473,cualquiera,2
4,476,cubr,1
4,477,cubra,1
4,479,cubrirel,1
4,480,cuello,1
4,481,cuero,2
4,482,cuerpo,7
4,488,cura,1
4,490,curacion,1
4,494,cutanea,2
4,503,debajo,1
4,504,deber,4
4,509,debilitado,4
4,510,debilitar,1
4,525,delantera,1
4,533,denominado,1
4,541,derivar,1
4,548,desarrollar,2
4,549,desarrollo,3
4,556,descripcion,1
4,565,desprenderel,2
4,567,despues,1
4,568,destruir,2
4,570,detectar,1
4,573,determinado,1
4,579,dia,1
4,597,diferente,1
4,600,dificultar,1
4,604,digital,1
4,605,diir,1
4,610,disemin,1
4,612,diseminarel,2
4,613,diseminir,1
4,626,dolor,1
4,634,dorso,1
4,635,dos,2
4,645,edad,1
4,646,edicion,2
4,654,ejemplo,1
4,663,embargo,1
4,667,emitir,2
4,675,empujar,1
4,681,encontrar,1
4,688,enfermedad,1
4,704,eon,1
4,705,epidermis,1
4,706,epidermoidar,2
4,711,equipo,1
4,716,escamosa,7
4,719,escuchar,1
4,721,espalda,1
4,728,espectro,1
4,729,espejo,1
4,777,exceso,1
4,780,existir,1
4,788,exposicion,1
4,791,expuesto,3
4,797,externo,1
4,806,facilidad,2
4,807,factor,4
4,813,familiar,3
4,814,family,1
4,825,fijate,1
4,826,fin,2
4,829,financiar,1
4,830,fines,1
4,841,formar,2
4,847,frecuencia,1
4,853,fuerte,1
4,874,general,1
4,875,generalmente,2
4,881,genital,1
4,883,germen,1
4,910,haber,2
4,920,hacer,3
4,923,hacia,2
4,931,health,2
4,951,hermano,1
4,967,hora,2
4,990,imagen,5
4,1005,incluir,3
4,1011,independientemente,1
4,1013,indicar,2
4,1024,infancio,1
4,1025,infeccion,1
4,1027,inferior,2
4,1032,informar,3
4,1036,informativo,1
4,1041,ingles,1
4,1050,inmunitario,6
4,1055,instruccion,3
4,1062,interior,1
4,1070,invadir,2
4,1071,invasivo,1
4,1082,irregular,1
4,1090,labio,2
4,1096,lampara,1
4,1103,lejos,1
4,1106,letter,1
4,1114,libre,2
4,1115,libro,1
4,1131,llagas,1
4,1133,llamado,2
4,1134,llamar,1
4,1135,llegar,1
4,1140,lucrir,1
4,1142,lugar,1
4,1143,lunar,4
4,1145,luz,15
4,1148,madre,1
4,1163,mano,4
4,1166,mantente,1
4,1168,marca,1
4,1170,marron,1
4,1177,mayo,7
4,1179,mayor,3
4,1180,mayoria,1
4,1182,mayorio,4
4,1184,medica,2
4,1185,medicamento,2
4,1186,medico,4
4,1188,medido,1
4,1190,mediodia,1
4,1196,melanocito,1
4,1197,melanoma,2
4,1198,melanomar,1
4,1199,melanomo,7
4,1206,menos,1
4,1209,menudo,2
4,1214,metastasico,1
4,1231,mirar,1
4,1232,mirate,1
4,1233,mision,1
4,1239,modificar,1
4,1242,momento,2
4,1246,moren,5
4,1248,morir,1
4,1251,mostrar,1
4,1254,mover,1
4,1261,muestro,1
4,1265,multiplicar,1
4,1267,multipliquen,1
4,1273,nacimiento,1
4,1274,nadar,1
4,1288,negro,3
4,1302,nocivo,1
4,1308,normalmente,1
4,1310,norteamericar,1
4,1317,nublado,1
4,1321,nuevo,3
4,1328,observa,1
4,1330,observate,1
4,1331,obstante,1
4,1340,ojo,1
4,1342,olvid,1
4,1348,opcion,1
4,1349,oportunidad,1
4,1351,oreja,4
4,1357,organo,1
4,1362,originar,1
4,1366,oscuro,1
4,1379,padre,1
4,1384,palma,1
4,1401,parecer,3
4,1406,pariente,1
4,1408,parte,7
4,1420,patrocinio,1
4,1425,peca,3
4,1426,pecho,1
4,1427,pedir,1
4,1429,peligroso,1
4,1430,pelirrojo,1
4,1431,pelo,1
4,1444,permanecer,1
4,1448,persona,7
4,1458,picazon,1
4,1461,piel,87
4,1462,pierna,3
4,1464,pies,1
4,1465,pigmentaria,1
4,1469,planear,1
4,1471,planta,1
4,1474,poder,18
4,1484,politico,1
4,1489,posible,1
4,1507,preocupe,1
4,1513,presentar,4
4,1514,presentarel,1
4,1519,prevencion,1
4,1520,prevenir,1
4,1523,primero,1
4,1529,probabilidad,3
4,1530,probable,2
4,1534,proceder,1
4,1541,producir,5
4,1542,producirel,1
4,1543,producto,4
4,1545,profesional,3
4,1553,proliferacion,1
4,1554,proliferar,1
4,1555,proliferen,1
4,1570,proteccion,2
4,1571,protector,5
4,1572,proteg,1
4,1576,protegerte,1
4,1582,protuberancia,1
4,1585,provenir,2
4,1596,quema,1
4,1597,quemadura,3
4,1598,quemo,1
4,1611,radiacion,2
4,1619,rapidamente,1
4,1624,rayo,1
4,1632,recaudacion,1
4,1633,recibir,6
4,1648,reducir,4
4,1655,regularmente,1
4,1682,respaldar,1
4,1695,revisarte,1
4,1696,revisatir,2
4,1699,riesgo,15
4,1702,ritmo,1
4,1706,romo,1
4,1708,ropa,4
4,1710,rosado,1
4,1713,rostro,3
4,1714,rubio,1
4,1716,rugosidad,1
4,1723,salud,1
4,1725,sanar,1
4,1731,sano,4
4,1741,seguir,2
4,1763,ser,1
4,1774,siempre,1
4,1779,significar,2
4,1782,signo,3
4,1783,siguiente,3
4,1792,sintoma,3
4,1796,sistema,6
4,1805,sol,20
4,1807,solar,11
4,1808,soler,7
4,1810,solicite,1
4,1814,sombra,2
4,1815,sombrero,1
4,1830,sudar,1
4,1833,sufrir,1
4,1837,superficie,2
4,1839,superior,1
4,1851,tamano,2
4,1852,tambien,6
4,1856,tejido,2
4,1859,tender,1
4,1861,tener,3
4,1862,tenerel,1
4,1870,tiempo,1
4,1871,tienda,1
4,1876,tipo,17
4,1877,tipos,1
4,1879,tomar,1
4,1901,trasero,1
4,1904,trasplante,1
4,1914,tronco,1
4,1916,tumor,4
4,1926,ultravioleta,5
4,1936,usar,2
4,1937,uso,1
4,1942,utiliz,1
4,1943,utiliza,1
4,1944,utilizado,1
4,1945,utilizar,4
4,1955,variedad,1
4,1967,version,2
4,1972,vez,2
4,1979,viejo,1
4,1983,vih,1
4,1998,vivir,1
4,1999,viviriar,1
4,2000,volver,3
4,2009,zona,3
5,8,abrumador,1
5,11,abuelo,1
5,16,accidental,1
5,17,acerca,1
5,25,actual,1
5,28,acudar,1
5,29,acudir,1
5,33,acumular,1
5,37,adema,2
5,45,adicional,1
5,46,adn,10
5,52,advertisement,1
5,53,afeccion,2
5,55,afectar,2
5,58,afortunadamente,1
5,63,aging,1
5,67,agrandar,2
5,69,agrande,1
5,70,agregar,1
5,73,agua,1
5,76,ahora,1
5,79,ajusten,1
5,82,alentar,1
5,84,algun,1
5,85,alguno,3
5,87,alimentacion,3
5,88,alimentartir,1
5,91,alimento,3
5,92,alla,1
5,93,allo,1
5,100,alto,2
5,117,analisis,3
5,123,androgeno,2
5,127,animal,1
5,128,animo,1
5,129,ano,1
5,130,anomala,1
5,131,anomalia,3
5,134,anormal,1
5,137,antecedente,4
5,143,antigeno,1
5,146,aparecer,4
5,147,aparicion,1
5,150,aplicar,1
5,153,apoyo,1
5,156,aqui,1
5,157,arabe,1
5,167,aseguratar,1
5,175,asociado,1
5,184,atencion,8
5,185,aumentar,9
5,187,aun,4
5,188,aunque,1
5,192,avance,2
5,194,avanzado,7
5,195,avanzar,2
5,196,aviso,3
5,198,ayuda,2
5,200,ayudar,2
5,201,ayudarte,2
5,203,ayudo,1
5,206,bajar,2
5,212,basico,1
5,221,beneficioso,2
5,224,bien,3
5,225,bienestar,1
5,238,bloquear,1
5,243,brazo,1
5,244,brco,2
5,248,brocoli,1
5,251,buen,1
5,252,bulto,1
5,257,cada,2
5,266,calor,1
5,267,caloria,1
5,271,cambio,8
5,277,canceroso,10
5,279,cansancio,1
5,280,cantidad,2
5,293,caso,3
5,295,causa,5
5,298,causar,2
5,299,causas,1
5,300,cause,1
5,304,celuel,2
5,305,celula,22
5,312,cercano,1
5,313,cereal,1
5,317,cerrar,2
5,318,certero,1
5,326,cientifico,1
5,327,cierto,1
5,331,circundante,1
5,333,cirugia,2
5,337,citar,1
5,340,claro,2
5,341,clasificacion,1
5,346,clinic,12
5,354,coincidir,1
5,355,cola,1
5,360,coliflor,1
5,364,color,1
5,370,comar,1
5,376,comenzar,5
5,378,comer,1
5,379,comercial,2
5,384,compania,1
5,385,comparacion,1
5,389,complicacion,2
5,390,componente,1
5,395,computarizado,1
5,396,comun,3
5,399,concepto,1
5,403,conducto,1
5,411,congela,1
5,414,conllevar,1
5,415,conocer,3
5,416,conocido,2
5,418,consanguineo,1
5,420,conseguir,2
5,421,consejos,1
5,422,consider,1
5,423,considerar,2
5,424,constantemente,1
5,425,consulta,1
5,426,consultar,1
5,428,consum,1
5,433,contar,1
5,434,contener,2
5,444,controlar,2
5,446,conversacion,1
5,447,convertir,1
5,451,corporal,1
5,453,correr,1
5,458,crear,1
5,459,crecer,2
5,465,crezcar,1
5,466,crioterapia,1
5,473,cualquiera,1
5,482,cuerpo,8
5,491,curar,4
5,492,curarel,1
5,495,dado,1
5,497,danar,1
5,501,darte,1
5,503,debajo,2
5,504,deber,3
5,505,deberel,1
5,508,debilidad,1
5,513,decir,1
5,514,decision,2
5,516,dedo,1
5,519,definicion,1
5,523,dejar,1
5,527,demas,1
5,529,demostrado,2
5,531,denomin,1
5,543,desafortunadamente,1
5,548,desarrollar,1
5,549,desarrollo,1
5,554,desconocer,1
5,556,descripcion,1
5,558,desear,1
5,559,desempenar,1
5,560,deseo,1
5,562,despacio,1
5,565,desprenderel,1
5,566,despu,2
5,568,destruir,1
5,569,deteccion,1
5,570,detectar,8
5,571,detecto,4
5,573,determinado,2
5,574,determinar,2
5,579,dia,4
5,585,diagnostico,6
5,591,diferencia,1
5,597,diferente,2
5,598,dificil,1
5,599,dificultad,4
5,604,digital,1
5,610,disemin,7
5,611,diseminar,1
5,612,diseminarel,2
5,613,diseminir,1
5,614,disemino,1
5,616,disfuncion,3
5,617,disminucion,1
5,619,disponible,1
5,622,diverso,2
5,626,dolor,3
5,637,drena,1
5,643,ecografia,1
5,645,edad,6
5,651,efecto,1
5,652,eficacia,1
5,653,eficaz,1
5,655,ejercicio,9
5,657,elegir,1
5,659,eliminar,2
5,663,embargo,1
5,666,emision,1
5,673,empiez,1
5,681,encontrar,4
5,683,encuentro,1
5,686,energia,1
5,693,entonces,1
5,697,envejecer,1
5,698,envejecimiento,1
5,699,envejezar,1
5,711,equipo,2
5,712,ereccion,2
5,713,erectil,3
5,719,escuchar,1
5,720,esencial,1
5,721,espalda,1
5,725,especialmente,1
5,727,especifico,2
5,730,esperma,1
5,744,estr,1
5,745,estrategia,1
5,750,estudio,3
5,751,etapa,6
5,752,etapar,1
5,756,etnia,1
5,758,etnico,2
5,761,evaluo,1
5,768,exactitud,1
5,769,exacto,1
5,770,examen,4
5,777,exceso,1
5,779,existencia,1
5,780,existir,3
5,781,exito,1
5,784,experto,2
5,785,explicacion,3
5,786,exploracion,1
5,796,exterior,1
5,797,externo,1
5,799,extirpar,1
5,807,factor,6
5,812,familia,1
5,813,familiar,4
5,824,fiebre,1
5,829,financiar,1
5,830,fines,1
5,832,fisico,2
5,837,flujo,1
5,838,focalizado,1
5,839,forma,1
5,841,formar,2
5,844,foton,1
5,847,frecuencia,2
5,849,frecuente,2
5,851,fruta,2
5,854,fuerza,1
5,855,fuga,1
5,856,fum,1
5,857,fuma,2
5,858,fumador,1
5,859,fuman,1
5,860,fumar,2
5,861,funcion,2
5,863,funcionar,1
5,866,gammagrafia,1
5,868,garantia,1
5,870,gaseos,1
5,873,gen,1
5,874,general,6
5,875,generalmente,1
5,876,generar,1
5,880,genetico,1
5,885,glandula,2
5,887,glandulo,6
5,888,gleason,1
5,894,grado,3
5,895,gradualmente,1
5,896,gran,2
5,900,grasar,1
5,907,grupo,1
5,909,gusta,1
5,912,habitar,1
5,916,habla,1
5,917,hablar,2
5,918,hablarer,1
5,919,habler,1
5,920,hacer,14
5,921,hacerel,4
5,927,haz,3
5,931,health,1
5,932,healthy,1
5,933,hecho,1
5,947,heredar,1
5,951,hermano,1
5,957,hijo,1
5,962,hola,1
5,963,hombr,1
5,964,hombre,7
5,970,hormona,2
5,978,hueso,2
5,982,humphreys,2
5,986,identificado,1
5,988,igual,1
5,989,ilustracion,1
5,990,imagen,2
5,995,importante,5
5,1005,incluir,6
5,1006,incluirlos,1
5,1007,incluso,3
5,1009,incontinencia,2
5,1013,indicar,5
5,1017,indiz,1
5,1021,inesperado,1
5,1032,informar,1
5,1033,informartar,1
5,1035,informatir,1
5,1038,ingesta,1
5,1040,ingl,1
5,1041,ingles,1
5,1045,inicial,1
5,1046,iniciar,1
5,1048,inmediatamente,1
5,1049,inmediato,1
5,1055,instruccion,2
5,1058,integral,1
5,1059,intensidad,1
5,1068,introducir,1
5,1070,invadir,1
5,1073,investigacion,1
5,1074,investigacionser,1
5,1078,involuntario,1
5,1087,junto,1
5,1088,justo,2
5,1104,lentamente,2
5,1111,levantarel,1
5,1115,libro,3
5,1118,limitar,1
5,1129,liquido,2
5,1133,llamado,2
5,1134,llamar,5
5,1137,llevar,2
5,1138,localizar,1
5,1139,lograr,2
5,1140,lucrir,1
5,1148,madre,1
5,1151,magnetico,1
5,1156,mama,2
5,1159,man,1
5,1161,manera,4
5,1164,mantener,1
5,1165,mantenerel,1
5,1167,mantir,1
5,1172,masculino,5
5,1173,matar,1
5,1177,mayo,12
5,1178,mayoclinic,1
5,1179,mayor,9
5,1180,mayoria,1
5,1182,mayorio,5
5,1183,mediante,3
5,1184,medica,3
5,1185,medicamento,1
5,1186,medico,10
5,1187,medida,2
5,1188,medido,3
5,1191,medir,1
5,1194,mejor,6
5,1195,mejorar,2
5,1205,menor,1
5,1209,menudo,1
5,1214,metastasico,3
5,1219,miccion,2
5,1229,minucioso,1
5,1231,mirar,1
5,1233,mision,1
5,1236,mitchell,1
5,1242,momento,1
5,1245,monopolizar,1
5,1248,morir,1
5,1251,mostrar,3
5,1253,motivo,2
5,1265,multiplicar,1
5,1267,multipliquen,1
5,1268,mundo,1
5,1271,mutacion,2
5,1282,necesario,2
5,1283,necesidad,2
5,1288,negro,3
5,1297,ningun,2
5,1301,noche,1
5,1304,nombre,1
5,1306,normal,3
5,1311,nota,1
5,1314,noticia,1
5,1325,nutrient,1
5,1326,obesidad,4
5,1333,obtener,1
5,1348,opcion,7
5,1349,oportunidad,1
5,1352,org,1
5,1357,organo,2
5,1359,orientartir,1
5,1360,origen,2
5,1363,orin,1
5,1364,orina,5
5,1365,orinar,4
5,1368,oseir,1
5,1369,oseo,1
5,1372,ovario,1
5,1374,overboard,1
5,1379,padre,2
5,1395,papel,1
5,1406,pariente,2
5,1408,parte,8
5,1409,participar,1
5,1411,partir,2
5,1414,paso,1
5,1415,pastillero,1
5,1420,patrocinio,1
5,1433,pensar,1
5,1435,pequen,2
5,1436,pequena,1
5,1437,pequenar,1
5,1438,pequeno,1
5,1441,perdida,1
5,1442,perdido,2
5,1448,persona,10
5,1451,pertinente,1
5,1452,peso,8
5,1453,pet,1
5,1460,pidelir,1
5,1461,piel,2
5,1462,pierna,1
5,1467,plan,1
5,1474,poder,39
5,1476,podra,1
5,1479,podriar,2
5,1480,podrio,4
5,1484,politico,1
5,1488,posibilidad,2
5,1489,posible,5
5,1491,positron,1
5,1494,potente,1
5,1499,precoz,1
5,1509,preocupo,1
5,1511,presencia,2
5,1513,presentar,4
5,1519,prevencion,1
5,1520,prevenir,2
5,1522,previenar,1
5,1523,primero,2
5,1524,principal,2
5,1526,principio,1
5,1528,privacion,2
5,1529,probabilidad,4
5,1537,proceso,1
5,1538,procurar,1
5,1541,producir,3
5,1543,producto,3
5,1545,profesional,8
5,1549,programa,1
5,1552,prolifera,3
5,1553,proliferacion,2
5,1554,proliferar,3
5,1555,proliferen,1
5,1562,propio,1
5,1563,prostata,67
5,1564,prostatar,2
5,1565,prostate,1
5,1566,prostatectomia,1
5,1567,prostatica,2
5,1568,prostatico,4
5,1569,prostato,19
5,1587,proxima,1
5,1588,proximos,1
5,1589,prueba,5
5,1591,pueda,1
5,1599,querer,2
5,1602,quieres,1
5,1603,quimica,1
5,1606,quimioterapio,1
5,1612,radical,1
5,1615,radioterapia,2
5,1617,radioterapiir,1
5,1618,radioterapio,1
5,1619,rapidamente,2
5,1620,rapidez,1
5,1621,rapido,1
5,1625,raza,3
5,1626,razar,1
5,1628,razon,1
5,1629,realizado,1
5,1632,recaudacion,1
5,1633,recibir,1
5,1637,recomendamos,1
5,1638,recomendar,1
5,1642,recto,2
5,1645,recurrir,1
5,1646,recurso,1
5,1648,reducir,4
5,1653,regular,2
5,1663,remision,1
5,1672,reproduccion,1
5,1674,reproductivo,2
5,1675,reproductor,3
5,1681,resonancia,1
5,1682,respaldar,1
5,1683,respecto,2
5,1686,respuesta,1
5,1687,resultado,1
5,1693,retrasar,1
5,1699,riesgo,19
5,1702,ritmo,1
5,1704,rodear,1
5,1705,rojo,1
5,1709,rosa,1
5,1723,salud,7
5,1724,saludable,9
5,1728,sangre,5
5,1731,sano,3
5,1737,secundario,1
5,1740,seguimiento,1
5,1741,seguir,1
5,1743,segundo,1
5,1746,seman,1
5,1747,semana,2
5,1748,semar,4
5,1749,semen,1
5,1751,seminal,1
5,1763,ser,7
5,1765,sero,1
5,1774,siempre,1
5,1776,siete,1
5,1778,sigla,1
5,1779,significar,1
5,1782,signo,2
5,1783,siguiente,2
5,1784,similar,1
5,1787,sincero,1
5,1792,sintoma,14
5,1796,sistema,3
5,1799,sobrellevar,1
5,1800,sobrepeso,1
5,1806,solamente,1
5,1808,soler,4
5,1809,solia,1
5,1810,solicite,1
5,1812,solo,2
5,1813,solucion,1
5,1823,soyo,1
5,1832,suficiente,1
5,1836,superado,1
5,1839,superior,1
5,1845,sustancia,1
5,1848,tabaco,1
5,1850,tal,1
5,1851,tamano,1
5,1852,tambien,10
5,1856,tejido,2
5,1857,temprano,6
5,1858,ten,1
5,1861,tener,11
5,1865,terapia,2
5,1866,terapiar,1
5,1869,testosteronar,2
5,1870,tiempo,5
5,1871,tienda,1
5,1874,tio,1
5,1875,tipico,1
5,1876,tipo,7
5,1878,tocar,1
5,1879,tomar,3
5,1881,tomate,1
5,1883,tomografia,2
5,1892,transcripcion,1
5,1900,transporto,1
5,1906,tratamiento,15
5,1907,tratar,5
5,1908,tratarel,1
5,1916,tumor,2
5,1931,uretra,1
5,1932,urinario,2
5,1933,urologo,2
5,1934,urologos,1
5,1936,usar,2
5,1945,utilizar,3
5,1954,variar,1
5,1955,variedad,2
5,1961,vejigar,3
5,1962,velocidad,2
5,1966,verdura,2
5,1967,version,2
5,1972,vez,2
5,1977,video,3
5,1986,vinculo,1
5,1992,visitar,1
5,1994,visto,1
5,1996,vitamina,1
5,1997,vivar,1
5,1998,vivir,2
5,1999,viviriar,1
5,2000,volver,2
6,1,abdomen,2
6,2,abdominal,1
6,17,acerca,1
6,18,acidez,1
6,32,acumulacion,1
6,62,afuero,1
6,72,agrura,1
6,83,alertar,1
6,101,amarillentar,1
6,105,american,1
6,124,anemiar,1
6,149,apetito,1
6,192,avance,1
6,199,ayudaestomago,1
6,206,bajar,1
6,207,bajo,1
6,214,bastante,1
6,260,cafe,1
6,279,cansancio,1
6,295,causa,4
6,298,causar,1
6,333,cirugia,1
6,344,clave,1
6,364,color,1
6,365,coloracion,1
6,378,comer,1
6,381,comida,1
6,419,consecuencia,2
6,455,cosa,1
6,473,cualquiera,1
6,508,debilidad,1
6,552,descargar,1
6,567,despues,3
6,569,deteccion,2
6,570,detectar,2
6,572,determinacion,1
6,585,diagnostico,2
6,608,dirigido,1
6,626,dolor,1
6,679,encima,1
6,681,encontrar,1
6,736,estadistica,1
6,743,estomago,32
6,751,etapa,4
6,795,extension,1
6,807,factor,2
6,820,fecal,1
6,871,gastrico,1
6,875,generalmente,1
6,890,globulo,1
6,897,grande,1
6,920,hacer,2
6,923,hacia,1
6,954,hez,2
6,956,higado,1
6,958,hinchazon,1
6,984,ictericio,1
6,996,impreciso,1
6,1005,incluir,1
6,1016,indigestion,1
6,1017,indiz,1
6,1025,infeccion,1
6,1045,inicial,2
6,1052,inmunoterapio,1
6,1073,investigacion,1
6,1088,justo,1
6,1129,liquido,1
6,1136,llenura,1
6,1154,malestar,1
6,1180,mayoria,1
6,1182,mayorio,1
6,1185,medicamento,1
6,1251,mostrar,1
6,1279,nausea,1
6,1280,navigation,1
6,1288,negro,1
6,1323,numero,1
6,1331,obstante,1
6,1338,ocultar,1
6,1340,ojo,1
6,1343,ombligo,1
6,1348,opcion,1
6,1366,oscuro,1
6,1381,pais,1
6,1423,pdf,1
6,1435,pequen,1
6,1442,perdido,1
6,1448,persona,1
6,1452,peso,2
6,1461,piel,1
6,1474,poder,5
6,1479,podriar,1
6,1501,pregunta,1
6,1513,presentar,1
6,1519,prevencion,1
6,1520,prevenir,1
6,1524,principal,1
6,1559,propagado,1
6,1560,propagar,1
6,1589,prueba,2
6,1604,quimioterapia,1
6,1615,radioterapia,1
6,1687,resultado,1
6,1699,riesgo,2
6,1705,rojo,1
6,1717,rutin,1
6,1722,saltar,1
6,1728,sangre,2
6,1742,segun,1
6,1752,senal,1
6,1756,sensacion,2
6,1782,signo,3
6,1792,sintoma,6
6,1794,sintomas,1
6,1804,society,1
6,1812,solo,1
6,1840,supervivencio,1
6,1852,tambien,1
6,1854,tasa,1
6,1857,temprano,1
6,1861,tener,1
6,1865,terapia,1
6,1876,tipo,1
6,1906,tratamiento,5
6,1907,tratar,1
6,1922,ulcera,1
6,1938,usted,1
6,1972,vez,1
6,1976,vida,1
6,1987,viral,1
6,2002,vomito,1
7,1,abdomen,1
7,2,abdominal,1
7,5,abnormalidad,1
7,7,abreviacion,1
7,9,absorber,1
7,10,absorcion,3
7,19,acido,2
7,21,activador,1
7,22,activamente,1
7,23,actividad,1
7,27,actuan,1
7,38,adeno,1
7,42,adenovirus,1
7,44,adhesion,1
7,46,adn,4
7,50,adulto,1
7,53,afeccion,1
7,54,afectado,1
7,56,aflatoxina,4
7,57,aflotoxina,1
7,59,africano,2
7,60,africo,1
7,61,afroamericayo,1
7,75,aguja,1
7,81,alcohol,3
7,90,alimenticio,1
7,91,alimento,1
7,94,almacenado,1
7,95,almacenamiento,1
7,96,almacenar,1
7,97,alrededor,1
7,98,alteracion,2
7,99,altero,1
7,100,alto,4
7,102,amarillento,1
7,108,americo,1
7,111,aminoacido,1
7,112,ampliamente,1
7,120,anatomia,1
7,121,anatomio,1
7,126,animacion,1
7,127,animal,1
7,129,ano,7
7,133,anorexia,1
7,134,anormal,1
7,135,anormalidad,1
7,146,aparecer,1
7,148,apariencia,1
7,152,apoptosis,4
7,154,aprenda,1
7,155,aquel,2
7,156,aqui,2
7,160,area,1
7,163,arn,3
7,168,asi,1
7,169,asia,1
7,170,asiatica,1
7,171,asiatico,1
7,172,asigna,1
7,173,asintomatico,2
7,174,asociacion,2
7,175,asociado,3
7,177,asociarel,1
7,178,aspergillus,1
7,185,aumentar,1
7,186,aumento,2
7,187,aun,2
7,189,australiir,1
7,194,avanzado,2
7,200,ayudar,2
7,207,bajo,2
7,208,barcelona,1
7,209,barr,1
7,210,basado,1
7,212,basico,1
7,216,bclc,2
7,222,benigno,1
7,224,bien,1
7,227,biliar,7
7,230,bilis,2
7,231,biologia,2
7,232,biomolecula,1
7,233,biopsia,5
7,234,blanco,1
7,243,brazo,1
7,253,burkitt,1
7,256,cacahuat,1
7,257,cada,3
7,258,cadena,5
7,262,caja,1
7,274,canado,1
7,277,canceroso,2
7,280,cantidad,1
7,282,capaz,2
7,284,caracteristico,1
7,286,carcinoma,5
7,287,carcinomar,2
7,291,cascado,1
7,292,casi,2
7,293,caso,1
7,295,causa,2
7,298,causar,2
7,303,cellular,1
7,304,celuel,2
7,305,celula,32
7,306,celular,17
7,307,centrado,1
7,311,cerca,1
7,312,cercano,1
7,321,cervical,1
7,323,chc,8
7,325,ciclo,1
7,328,cigarrillos,1
7,332,cirrosis,5
7,333,cirugia,1
7,340,claro,1
7,344,clave,1
7,348,clinico,1
7,349,coagulacion,1
7,351,cobrar,1
7,352,codificado,1
7,353,codifico,1
7,356,colangiocarcinoma,3
7,357,colangiocarcinomo,1
7,359,colesterol,4
7,364,color,1
7,376,comenzar,1
7,378,comer,1
7,382,comienzo,1
7,385,comparacion,1
7,387,completamente,2
7,392,composicion,1
7,394,compuesto,1
7,396,comun,7
7,401,concluyent,1
7,402,condicion,1
7,403,conducto,3
7,405,conectar,1
7,409,confundirel,1
7,413,conjunto,1
7,415,conocer,1
7,416,conocido,2
7,430,consumo,1
7,434,contener,2
7,438,contradictorio,1
7,440,contraste,1
7,441,contribuir,1
7,442,control,1
7,443,controlado,1
7,444,controlar,3
7,447,convertir,1
7,451,corporal,2
7,459,crecer,3
7,461,crecimientir,1
7,462,crecimiento,6
7,463,creer,1
7,468,critico,1
7,470,cromosoma,3
7,472,cronico,1
7,473,cualquiera,2
7,475,cuatro,3
7,482,cuerpo,5
7,485,cuidadosamente,1
7,496,danado,1
7,503,debajo,1
7,504,deber,3
7,506,debido,1
7,514,decision,1
7,518,defectiva,1
7,520,definido,1
7,523,dejar,1
7,526,delgado,2
7,529,demostrado,1
7,530,demostrar,1
7,535,dentro,3
7,536,deoxirribonucleoso,1
7,538,depender,1
7,541,derivar,1
7,542,desacelerar,1
7,547,desarrollado,2
7,548,desarrollar,3
7,549,desarrollo,8
7,553,descomponer,1
7,557,descubrir,1
7,566,despu,1
7,567,despues,1
7,569,deteccion,4
7,570,detectar,1
7,574,determinar,1
7,575,detra,1
7,580,diabet,2
7,581,diabetes,1
7,582,diagnosticado,1
7,583,diagnosticar,1
7,585,diagnostico,3
7,586,diar,1
7,591,diferencia,1
7,592,diferenciacion,2
7,593,diferenciado,1
7,594,diferenciar,2
7,595,diferenciarel,1
7,596,diferencio,1
7,597,diferente,3
7,598,dificil,1
7,601,digestion,2
7,606,directamente,1
7,607,dirigen,1
7,609,dirijar,1
7,615,disenado,1
7,618,disminuir,2
7,619,disponible,1
7,621,distinto,2
7,622,diverso,2
7,624,dividirel,2
7,625,division,11
7,626,dolor,1
7,628,dominio,1
7,635,dos,2
7,643,ecografia,1
7,645,edad,4
7,654,ejemplo,2
7,661,elular,1
7,663,embargo,1
7,676,encargado,1
7,677,encargar,1
7,680,encontrado,1
7,681,encontrar,9
7,686,energia,1
7,688,enfermedad,5
7,690,enfoque,1
7,693,entonces,1
7,694,entrada,1
7,695,entrar,1
7,696,entregar,1
7,700,envia,2
7,701,enviado,1
7,708,epitelial,1
7,709,epstein,1
7,720,esencial,1
7,723,esparcimiento,1
7,724,especial,1
7,727,especifico,3
7,735,estadio,1
7,738,esteroid,2
7,739,esteroidal,1
7,741,estimular,1
7,742,estimulo,1
7,747,estrogeno,2
7,748,estructura,3
7,749,estructural,1
7,750,estudio,7
7,751,etapa,3
7,752,etapar,1
7,754,etapificacion,1
7,755,etapificaion,1
7,757,etnicidad,1
7,759,europa,2
7,760,europeo,1
7,762,evento,1
7,771,examina,1
7,772,examinacion,1
7,774,examinarel,1
7,776,excesivo,1
7,780,existir,3
7,788,exposicion,2
7,790,expresion,1
7,796,exterior,1
7,802,extraida,1
7,803,extraido,1
7,807,factor,14
7,812,familia,4
7,818,favorable,1
7,832,fisico,1
7,839,forma,4
7,840,formacion,3
7,841,formar,5
7,843,forzar,1
7,845,fraccion,1
7,847,frecuencia,3
7,852,fuente,1
7,853,fuerte,1
7,860,fumar,1
7,861,funcion,4
7,862,funcional,1
7,863,funcionar,2
7,867,ganglio,1
7,872,gastrointestinal,1
7,873,gen,6
7,874,general,1
7,875,generalmente,3
7,876,generar,1
7,877,genero,1
7,880,genetico,2
7,882,geografia,1
7,884,gir,3
7,886,glandular,1
7,889,glicogeno,1
7,891,glucos,4
7,894,grado,1
7,896,gran,3
7,897,grande,1
7,898,granos,1
7,899,grasa,2
7,903,griego,1
7,907,grupo,1
7,908,guiar,1
7,911,habilidad,2
7,920,hacer,5
7,929,hcc,14
7,930,hccs,1
7,933,hecho,2
7,936,hepat,1
7,937,hepatica,2
7,938,hepaticar,1
7,939,hepatico,1
7,940,hepatitis,10
7,941,hepato,1
7,942,hepatoblasto,3
7,943,hepatoblastoma,3
7,944,hepatoblastomar,2
7,945,hepatocelular,4
7,946,hepatocito,3
7,947,heredar,1
7,950,herido,1
7,953,herramiento,1
7,956,higado,25
7,957,hijo,1
7,958,hinchazon,1
7,963,hombr,1
7,964,hombre,5
7,966,hongo,2
7,968,horizontal,1
7,969,hormon,1
7,970,hormona,2
7,974,hoy,1
7,979,humano,3
7,980,humanos,1
7,984,ictericio,1
7,985,identificacion,1
7,987,igf,1
7,988,igual,1
7,990,imagen,5
7,991,iman,1
7,993,implicar,1
7,994,importancia,1
7,998,inactivado,1
7,1001,incapacidad,1
7,1002,incapaz,1
7,1003,incidencia,5
7,1004,incluido,3
7,1005,incluir,7
7,1010,incontrolado,1
7,1012,indicador,1
7,1013,indicar,1
7,1014,indice,2
7,1019,inducido,1
7,1020,inespecifico,1
7,1025,infeccion,3
7,1026,infectar,1
7,1028,inflamacion,1
7,1032,informar,1
7,1037,informe,2
7,1039,ingesto,1
7,1043,inhibidor,1
7,1044,inhibir,1
7,1045,inicial,1
7,1055,instruccion,1
7,1057,insulin,3
7,1062,interior,1
7,1065,intestino,2
7,1066,intolerancia,1
7,1067,intrahepatico,1
7,1070,invadir,1
7,1071,invasivo,3
7,1075,investigar,1
7,1077,involucrado,2
7,1079,invsivo,1
7,1080,irm,1
7,1087,junto,1
7,1093,lactant,1
7,1094,lado,1
7,1097,larga,1
7,1098,largo,2
7,1104,lentamente,1
7,1105,lesion,3
7,1113,liberacion,1
7,1121,linfatico,1
7,1126,linfoma,1
7,1127,lipido,1
7,1130,lista,1
7,1132,llama,1
7,1133,llamado,4
7,1137,llevar,2
7,1141,luego,3
7,1142,lugar,4
7,1147,macroscopico,1
7,1148,madre,3
7,1150,maduracion,2
7,1151,magnetico,2
7,1152,maiz,1
7,1153,mal,1
7,1155,maligno,1
7,1157,mamaria,1
7,1162,manifestar,1
7,1164,mantener,1
7,1171,masa,2
7,1174,material,1
7,1175,maxima,1
7,1176,maximo,1
7,1179,mayor,8
7,1180,mayoria,1
7,1181,mayoriar,2
7,1186,medico,3
7,1189,medio,2
7,1200,mellitus,1
7,1201,membrana,1
7,1209,menudo,1
7,1211,mes,2
7,1212,metabolico,1
7,1213,metabolismos,1
7,1215,metastasis,2
7,1216,metastatice,1
7,1217,metastatizar,1
7,1220,micotoxina,1
7,1222,microscopico,1
7,1227,mientras,1
7,1234,mismo,1
7,1235,mitad,1
7,1237,modelo,1
7,1240,molecula,3
7,1242,momento,1
7,1243,monitorear,1
7,1244,monomero,1
7,1250,mortalidad,1
7,1251,mostrar,6
7,1252,mostro,1
7,1258,muerte,2
7,1259,muertir,2
7,1260,muestra,3
7,1262,mujer,7
7,1263,multinodular,1
7,1268,mundo,1
7,1271,mutacion,3
7,1272,mutado,2
7,1278,natural,1
7,1281,necesariamente,1
7,1287,negativo,1
7,1298,ninguno,1
7,1299,nino,2
7,1300,nivel,2
7,1306,normal,2
7,1307,normalidad,1
7,1308,normalmente,1
7,1309,norte,2
7,1313,notch,4
7,1318,nuclear,1
7,1319,nucleo,1
7,1320,nucleotido,1
7,1322,nuez,1
7,1323,numero,1
7,1326,obesidad,1
7,1336,occidental,1
7,1337,oceania,1
7,1339,ocurrir,3
7,1344,oncogen,1
7,1347,onda,2
7,1348,opcion,1
7,1353,organismo,1
7,1354,organismos,1
7,1357,organo,3
7,1358,oriental,1
7,1371,oublico,1
7,1376,paciente,14
7,1377,pacietne,1
7,1379,padre,1
7,1381,pais,2
7,1382,palabra,2
7,1388,pancrea,1
7,1395,papel,1
7,1396,papiloma,1
7,1401,parecer,1
7,1405,parenteral,1
7,1408,parte,5
7,1410,particula,1
7,1416,patologia,1
7,1417,patologico,4
7,1418,patologo,2
7,1421,patron,1
7,1436,pequena,3
7,1438,pequeno,3
7,1442,perdido,1
7,1443,periodo,2
7,1445,permitir,1
7,1448,persona,4
7,1452,peso,1
7,1461,piel,1
7,1471,planta,1
7,1473,poblacion,2
7,1474,poder,23
7,1481,polimero,1
7,1486,porcentaje,2
7,1487,portador,1
7,1490,positivo,2
7,1496,prb,3
7,1511,presencia,1
7,1512,presentado,1
7,1513,presentar,3
7,1515,presente,1
7,1523,primero,1
7,1524,principal,1
7,1530,probable,1
7,1531,probablemente,1
7,1535,procedimiento,2
7,1536,procesado,1
7,1537,proceso,7
7,1539,produccion,7
7,1540,producido,4
7,1543,producto,1
7,1548,progeni,1
7,1550,programado,1
7,1553,proliferacion,3
7,1556,prolongado,1
7,1557,promedio,1
7,1578,protein,5
7,1579,proteina,8
7,1580,proteinar,2
7,1581,protooncogen,1
7,1584,proveer,1
7,1585,provenir,2
7,1592,pulmon,1
7,1603,quimica,1
7,1607,quinto,1
7,1609,quitado,1
7,1613,radio,1
7,1621,rapido,1
7,1623,raro,1
7,1631,realizo,1
7,1633,recibir,1
7,1634,reciente,1
7,1638,recomendar,1
7,1650,referir,2
7,1651,reflejar,1
7,1652,regula,1
7,1653,regular,1
7,1658,relacion,3
7,1659,relacionado,2
7,1664,reparar,1
7,1667,report,1
7,1668,reportar,1
7,1669,reporte,2
7,1670,reprensentar,1
7,1671,representado,1
7,1673,reproducir,1
7,1676,requerir,1
7,1678,residir,2
7,1679,residuo,1
7,1681,resonancia,2
7,1687,resultado,3
7,1688,resultar,2
7,1689,resumir,1
7,1690,retardar,1
7,1694,revela,1
7,1699,riesgo,7
7,1703,rmn,1
7,1723,salud,1
7,1728,sangre,1
7,1730,sanguineo,1
7,1734,secrecion,1
7,1735,secretado,1
7,1736,secretar,1
7,1743,segundo,1
7,1745,seis,1
7,1750,semilla,1
7,1752,senal,3
7,1753,senalamiento,1
7,1754,senalizacion,1
7,1762,septimo,1
7,1763,ser,10
7,1764,serioso,1
7,1766,servir,1
7,1767,set,1
7,1768,severidad,1
7,1769,sexual,1
7,1779,significar,2
7,1781,significativo,1
7,1783,siguiente,1
7,1784,similar,1
7,1785,similari,1
7,1786,simple,1
7,1792,sintoma,6
7,1795,sintomatico,2
7,1796,sistema,9
7,1808,soler,1
7,1812,solo,3
7,1819,sospecha,1
7,1822,sospechoso,1
7,1827,subsaharian,1
7,1828,subyacente,1
7,1833,sufrir,1
7,1838,superficies,1
7,1842,supresor,6
7,1843,sur,1
7,1844,surgir,1
7,1845,sustancia,2
7,1846,sutil,1
7,1848,tabaco,1
7,1849,tabaquismo,1
7,1850,tal,3
7,1851,tamano,1
7,1852,tambien,6
7,1854,tasa,6
7,1855,tasar,1
7,1856,tejido,7
7,1857,temprano,3
7,1858,ten,1
7,1859,tender,1
7,1861,tener,1
7,1863,teniar,1
7,1867,terminal,1
7,1868,termino,1
7,1869,testosteronar,1
7,1876,tipo,16
7,1879,tomar,2
7,1880,tomarel,1
7,1884,toracico,1
7,1887,toxica,1
7,1889,traduccion,1
7,1892,transcripcion,3
7,1893,transformacion,1
7,1894,translocacion,1
7,1895,transmision,3
7,1896,transmitido,1
7,1898,transporte,1
7,1905,trastorno,1
7,1906,tratamiento,5
7,1909,trav,3
7,1916,tumor,14
7,1917,tumoral,4
7,1920,ubicacion,1
7,1921,ubicado,2
7,1925,ultrasonido,1
7,1928,unifocal,1
7,1930,urea,1
7,1935,usado,1
7,1936,usar,4
7,1939,usualmente,2
7,1945,utilizar,2
7,1948,vaciarel,1
7,1949,vacuna,1
7,1952,valor,1
7,1954,variar,1
7,1955,variedad,1
7,1956,varios,8
7,1957,vaso,1
7,1959,veces,2
7,1960,vegf,1
7,1968,vertical,1
7,1969,vesicula,1
7,1970,vesicular,1
7,1971,vesiculo,1
7,1972,vez,2
7,1973,vhb,7
7,1974,vhc,3
7,1975,via,3
7,1976,vida,1
7,1981,vigilancia,1
7,1988,virion,2
7,1989,virus,18
7,1990,visible,1
7,1993,vista,1
7,1995,visualizar,1
7,2004,vulnerable,1
8,1,abdomen,3
8,2,abdominal,1
8,4,ablacion,1
8,17,acerca,1
8,23,actividad,1
8,31,acumula,2
8,32,acumulacion,1
8,33,acumular,1
8,37,adema,2
8,54,afectado,1
8,64,agrandado,1
8,65,agrandamientir,2
8,66,agrandamiento,1
8,67,agrandar,1
8,68,agrandarel,1
8,91,alimento,1
8,100,alto,1
8,101,amarillentar,2
8,103,amarillo,2
8,105,american,1
8,116,ampular,1
8,128,animo,1
8,146,aparecer,1
8,149,apetito,3
8,168,asi,1
8,177,asociarel,1
8,187,aun,1
8,200,ayudar,3
8,204,azucar,2
8,207,bajo,1
8,214,bastante,1
8,226,bili,1
8,227,biliar,7
8,228,bilirrubin,4
8,229,bilirrubina,2
8,230,bilis,4
8,237,bloquea,2
8,239,bloquearel,1
8,242,borde,1
8,252,bulto,1
8,255,cabeza,1
8,260,cafe,3
8,265,calculo,1
8,266,calor,1
8,271,cambio,1
8,292,casi,3
8,295,causa,10
8,298,causar,10
8,305,celula,1
8,311,cerca,1
8,312,cercano,2
8,335,cirugio,1
8,340,claro,2
8,344,clave,1
8,350,coagulo,6
8,355,cola,2
8,358,coledoco,3
8,364,color,6
8,365,coloracion,2
8,376,comenzar,3
8,378,comer,1
8,380,comezon,1
8,382,comienzo,1
8,396,comun,2
8,403,conducto,5
8,434,contener,1
8,442,control,1
8,456,costilla,2
8,459,crecer,1
8,460,crecido,1
8,482,cuerpo,4
8,500,dar,2
8,503,debajo,1
8,504,deber,3
8,508,debilidad,4
8,539,deprimido,1
8,540,derecho,2
8,552,descargar,1
8,553,descomponer,2
8,564,desprender,1
8,566,despu,2
8,567,despues,1
8,568,destruir,1
8,569,deteccion,1
8,570,detectar,2
8,572,determinacion,1
8,580,diabet,3
8,581,diabetes,1
8,585,diagnostico,1
8,599,dificultad,1
8,600,dificultar,1
8,608,dirigido,1
8,621,distinto,2
8,626,dolor,10
8,632,dormir,1
8,641,dvt,1
8,663,embargo,1
8,664,embolia,1
8,665,embolizacion,1
8,670,empeorar,1
8,686,energia,1
8,688,enfermedad,1
8,692,enrojecimiento,1
8,693,entonces,1
8,703,enzima,1
8,721,espalda,4
8,722,espaldar,1
8,725,especialmente,1
8,736,estadistica,1
8,743,estomago,1
8,750,estudio,2
8,751,etapa,4
8,770,examen,2
8,792,expulso,1
8,794,extendido,1
8,795,extension,1
8,798,extiendar,1
8,804,extremo,1
8,806,facilidad,1
8,807,factor,2
8,810,falta,1
8,811,faltar,2
8,816,fatigar,3
8,817,fatigo,1
8,827,final,1
8,828,finalmente,1
8,832,fisico,6
8,833,flebotrombosis,1
8,836,flotar,1
8,846,fragmento,1
8,847,frecuencia,2
8,849,frecuente,5
8,850,frecuentemente,1
8,874,general,1
8,875,generalmente,1
8,896,gran,1
8,897,grande,1
8,899,grasa,2
8,901,grasosa,2
8,905,gris,1
8,920,hacer,1
8,923,hacia,2
8,925,hambre,1
8,940,hepatitis,1
8,954,hez,5
8,956,higado,9
8,958,hinchazon,1
8,983,ictericia,4
8,984,ictericio,5
8,990,imagen,2
8,997,impuesto,1
8,1005,incluir,1
8,1017,indiz,1
8,1040,ingl,2
8,1045,inicial,1
8,1051,inmunoterapia,1
8,1053,inodoro,1
8,1057,insulin,1
8,1065,intestino,3
8,1069,inusual,2
8,1073,investigacion,1
8,1112,libera,1
8,1129,liquido,1
8,1133,llamado,1
8,1134,llamar,2
8,1135,llegar,3
8,1180,mayoria,1
8,1186,medico,3
8,1187,medida,1
8,1209,menudo,5
8,1251,mostrar,1
8,1279,nausea,3
8,1280,navigation,1
8,1289,nervio,1
8,1297,ningun,1
8,1300,nivel,1
8,1308,normalmente,2
8,1315,novedad,1
8,1329,observar,1
8,1332,obstruir,1
8,1334,ocasion,2
8,1335,ocasionar,1
8,1338,ocultar,1
8,1340,ojo,2
8,1357,organo,2
8,1361,origina,1
8,1364,orina,1
8,1365,orinar,3
8,1366,oscuro,3
8,1385,palpar,1
8,1386,palparel,1
8,1388,pancrea,37
8,1389,pancrear,1
8,1390,pancreas,8
8,1391,pancreatica,1
8,1392,pancreatico,21
8,1397,par,1
8,1400,parcialmente,1
8,1408,parte,2
8,1412,pasar,2
8,1423,pdf,1
8,1426,pecho,1
8,1438,pequeno,2
8,1440,perder,1
8,1442,perdido,2
8,1448,persona,6
8,1452,peso,3
8,1458,picazon,1
8,1459,pico,1
8,1461,piel,5
8,1462,pierna,2
8,1474,poder,23
8,1480,podrio,1
8,1485,poner,2
8,1489,posible,1
8,1501,pregunta,1
8,1518,presionar,4
8,1519,prevencion,1
8,1520,prevenir,1
8,1523,primero,3
8,1524,principal,1
8,1540,producido,1
8,1544,productora,1
8,1547,profundo,1
8,1559,propagado,3
8,1560,propagar,1
8,1589,prueba,1
8,1592,pulmon,1
8,1593,pulmonar,1
8,1594,pulmones,1
8,1599,querer,1
8,1605,quimioterapiar,1
8,1617,radioterapiir,1
8,1659,relacionado,2
8,1660,relacionar,1
8,1684,respiracion,1
8,1697,revision,1
8,1699,riesgo,2
8,1722,saltar,1
8,1728,sangre,4
8,1730,sanguineo,4
8,1738,sed,1
8,1742,segun,1
8,1743,segundo,1
8,1752,senal,1
8,1759,sentir,1
8,1760,sentirar,1
8,1774,siempre,1
8,1778,sigla,2
8,1780,significativamente,1
8,1782,signo,6
8,1791,sino,1
8,1792,sintoma,13
8,1801,sobreviviente,1
8,1804,society,1
8,1808,soler,2
8,1826,subir,1
8,1840,supervivencio,1
8,1845,sustancia,1
8,1850,tal,1
8,1851,tamano,1
8,1852,tambien,3
8,1854,tasa,1
8,1857,temprano,2
8,1861,tener,1
8,1866,terapiar,1
8,1876,tipo,2
8,1906,tratamiento,4
8,1912,trombosis,1
8,1916,tumor,2
8,1963,vena,1
8,1965,venos,1
8,1969,vesicula,1
8,1970,vesicular,1
8,1971,vesiculo,1
8,1972,vez,6
8,1975,via,3
8,1976,vida,1
8,1980,vientre,1
8,2001,volverel,2
8,2002,vomito,3
9,33,acumular,1
9,40,adenoid,1
9,46,adn,3
9,48,adquirir,1
9,50,adulto,6
9,52,advertisement,1
9,53,afeccion,1
9,54,afectado,1
9,55,afectar,5
9,66,agrandamiento,1
9,67,agrandar,1
9,71,agresivo,1
9,74,agudo,9
9,100,alto,1
9,109,amigdael,1
9,117,analisis,1
9,129,ano,3
9,134,anormal,3
9,146,aparecer,1
9,157,arabe,1
9,168,asi,1
9,196,aviso,3
9,200,ayudar,1
9,215,bazo,2
9,223,beyond,1
9,224,bien,1
9,234,blanco,6
9,236,blasto,1
9,271,cambio,1
9,275,canal,1
9,280,cantidad,2
9,294,caus,1
9,295,causa,2
9,298,causar,1
9,304,celuel,1
9,305,celula,17
9,308,centrar,1
9,317,cerrar,1
9,327,cierto,1
9,336,cita,1
9,341,clasificacion,2
9,342,clasificar,1
9,343,clasifico,1
9,346,clinic,2
9,372,combatient,1
9,375,combination,1
9,379,comercial,2
9,384,compania,1
9,386,complejo,1
9,393,comprender,1
9,396,comun,2
9,425,consulta,1
9,426,consultar,1
9,433,contar,1
9,434,contener,1
9,436,continuen,1
9,452,correctamente,1
9,459,crecer,4
9,463,creer,1
9,471,cronica,2
9,472,cronico,7
9,482,cuerpo,2
9,487,cumplir,1
9,504,deber,1
9,508,debilidad,1
9,513,decir,1
9,528,demasiado,1
9,546,desapercibida,1
9,555,descontrola,1
9,556,descripcion,1
9,557,descubrir,1
9,563,desplazar,1
9,567,despues,1
9,573,determinado,1
9,577,develop,1
9,584,diagnosticarel,1
9,618,disminuir,1
9,623,dividir,1
9,624,dividirel,1
9,626,dolor,1
9,671,empeoro,1
9,688,enfermedad,3
9,702,environmental,1
9,715,escalofrio,1
9,727,especifico,1
9,745,estrategia,1
9,765,evolucion,2
9,766,exact,1
9,776,excesivo,1
9,778,exigir,1
9,780,existir,4
9,782,exitoso,1
9,806,facilidad,1
9,807,factor,1
9,808,factors,1
9,815,fase,1
9,817,fatigo,1
9,824,fiebre,1
9,829,financiar,1
9,830,fines,1
9,839,forma,2
9,840,formacion,1
9,841,formar,4
9,842,formas,1
9,849,frecuente,7
9,861,funcion,2
9,863,funcionar,2
9,867,ganglio,2
9,874,general,4
9,879,genetic,1
9,880,genetico,1
9,890,globulo,8
9,902,grave,1
9,904,gripe,1
9,915,habitualmente,1
9,920,hacer,2
9,935,hematoma,1
9,956,higado,1
9,960,hiperhidrosis,1
9,978,hueso,1
9,990,imagen,1
9,996,impreciso,1
9,1005,incluir,2
9,1007,incluso,1
9,1013,indicar,2
9,1025,infeccion,3
9,1029,inflamado,1
9,1041,ingles,1
9,1042,ingresar,1
9,1047,inmadura,1
9,1050,inmunitario,5
9,1055,instruccion,1
9,1061,intentarel,1
9,1076,involucra,1
9,1077,involucrado,1
9,1085,joven,1
9,1104,lentamente,1
9,1107,leucemia,31
9,1108,leucemiar,20
9,1109,leukemia,1
9,1110,leukemiar,1
9,1115,libro,1
9,1116,lifir,1
9,1121,linfatico,7
9,1122,linfocitico,5
9,1123,linfocito,1
9,1124,linfoid,1
9,1125,linfoidir,1
9,1140,lucrir,1
9,1142,lugar,1
9,1149,madura,1
9,1160,mancha,1
9,1161,manera,1
9,1174,material,1
9,1177,mayo,2
9,1186,medico,3
9,1187,medida,1
9,1192,medula,3
9,1211,mes,1
9,1223,mielodisplasico,1
9,1224,mielogen,6
9,1225,mieloid,1
9,1233,mision,1
9,1242,momento,1
9,1257,muero,1
9,1265,multiplicar,1
9,1271,mutacion,2
9,1276,nasal,1
9,1284,necesitar,2
9,1298,ninguno,1
9,1299,nino,4
9,1301,noche,1
9,1306,normal,1
9,1307,normalidad,1
9,1348,opcion,1
9,1349,oportunidad,1
9,1350,oportuno,1
9,1353,organismo,1
9,1356,organizado,1
9,1362,originar,1
9,1367,osea,1
9,1369,oseo,2
9,1378,padecer,1
9,1401,parecer,1
9,1408,parte,4
9,1412,pasar,1
9,1413,pase,1
9,1420,patrocinio,1
9,1427,pedir,2
9,1436,pequena,1
9,1442,perdido,1
9,1446,persistente,2
9,1447,person,1
9,1448,persona,1
9,1452,peso,1
9,1454,petequio,1
9,1461,piel,1
9,1466,pilosa,1
9,1472,plaqueta,2
9,1474,poder,7
9,1475,poderoso,1
9,1484,politico,1
9,1489,posible,2
9,1508,preocupen,1
9,1523,primero,1
9,1524,principal,1
9,1525,principalmente,2
9,1526,principio,1
9,1539,produccion,1
9,1541,producir,4
9,1543,producto,2
9,1574,proteger,1
9,1620,rapidez,1
9,1621,rapido,2
9,1632,recaudacion,1
9,1644,recurrente,1
9,1646,recurso,1
9,1666,replicar,1
9,1682,respaldar,1
9,1702,ritmo,1
9,1705,rojo,3
9,1726,sangrado,2
9,1728,sangre,2
9,1729,sanguinea,8
9,1731,sano,2
9,1732,scientists,1
9,1739,seems,1
9,1742,segun,3
9,1743,segundo,1
9,1757,sensibilidad,1
9,1763,ser,2
9,1775,sienta,1
9,1782,signo,3
9,1783,siguiente,1
9,1788,sindrom,1
9,1792,sintoma,10
9,1796,sistema,8
9,1808,soler,1
9,1810,solicite,1
9,1829,suceder,1
9,1852,tambien,2
9,1856,tejido,3
9,1857,temprano,2
9,1870,tiempo,2
9,1873,timo,1
9,1876,tipo,18
9,1905,trastorno,1
9,1906,tratamiento,4
9,1927,understand,1
9,1954,variar,1
9,1962,velocidad,2
9,1967,version,2
9,1972,vez,1
9,1976,vida,1
10,6,aborto,3
10,12,abundante,3
10,17,acerca,3
10,23,actividad,1
10,29,acudir,2
10,35,acuoso,2
10,36,adecuado,1
10,39,adenocarcinoma,2
10,45,adicional,1
10,46,adn,4
10,52,advertisement,1
10,53,afeccion,5
10,67,agrandar,3
10,76,ahora,2
10,89,alimentate,1
10,100,alto,1
10,104,ambos,2
10,110,amigo,1
10,118,analizar,1
10,119,analizarla,1
10,125,angosto,1
10,129,ano,7
10,131,anomalia,1
10,132,anomalo,1
10,136,ansiedad,1
10,145,aparato,3
10,153,apoyo,2
10,166,asar,1
10,182,atacarla,1
10,184,atencion,8
10,185,aumentar,6
10,186,aumento,1
10,187,aun,1
10,193,avanza,2
10,194,avanzado,1
10,196,aviso,3
10,198,ayuda,2
10,201,ayudarte,1
10,207,bajo,1
10,224,bien,4
10,233,biopsia,2
10,238,bloquear,1
10,241,book,1
10,247,brindir,1
10,257,cada,3
10,270,cambiar,1
10,271,cambio,3
10,273,campo,1
10,275,canal,1
10,276,canceres,1
10,277,canceroso,7
10,278,cansador,1
10,280,cantidad,1
10,281,capa,1
10,286,carcinoma,2
10,293,caso,2
10,295,causa,3
10,297,causante,1
10,298,causar,6
10,304,celuel,3
10,305,celula,33
10,306,celular,1
10,310,cepa,1
10,317,cerrar,3
10,319,certeza,1
10,321,cervical,6
10,325,ciclo,1
10,329,cinco,1
10,330,cincuenta,1
10,333,cirugia,1
10,334,cirugiir,1
10,338,citologia,1
10,339,clamidia,1
10,340,claro,2
10,346,clinic,5
10,368,colposcopia,2
10,369,columna,2
10,374,combinar,1
10,376,comenzar,10
10,377,comenzo,1
10,379,comercial,2
10,383,comodamente,1
10,384,compania,1
10,388,completo,1
10,393,comprender,1
10,398,concentrar,1
10,403,conducto,1
10,404,conecta,1
10,406,confiado,1
10,408,conformar,1
10,412,conicar,1
10,416,conocido,1
10,426,consultar,1
10,431,contagia,1
10,432,contagiarel,1
10,433,contar,1
10,434,contener,1
10,439,contraer,4
10,441,contribuir,1
10,442,control,1
10,447,convertir,1
10,448,convertirel,1
10,474,cuanto,2
10,480,cuello,55
10,482,cuerpo,3
10,486,cuidate,1
10,489,curable,1
10,499,dano,1
10,504,deber,2
10,508,debilidad,1
10,509,debilitado,3
10,511,decado,1
10,514,decision,1
10,523,dejar,1
10,526,delgado,1
10,541,derivar,1
10,543,desafortunadamente,1
10,544,desaparecer,1
10,545,desaparezcar,1
10,548,desarrollar,1
10,551,descansar,1
10,558,desear,1
10,565,desprenderel,1
10,566,despu,2
10,567,despues,2
10,568,destruir,2
10,569,deteccion,4
10,570,detectar,4
10,585,diagnostico,2
10,590,dietilestilbestrol,2
10,597,diferente,1
10,598,dificil,1
10,608,dirigido,2
10,612,diseminarel,1
10,619,disponible,1
10,622,diverso,1
10,623,dividir,1
10,626,dolor,4
10,627,doloroso,1
10,635,dos,2
10,636,dosis,1
10,638,duracion,1
10,639,durar,1
10,645,edad,3
10,646,edicion,1
10,654,ejemplo,1
10,656,electroquirurgico,1
10,662,embarazo,2
10,663,embargo,3
10,672,empezar,1
10,673,empiez,1
10,674,empoderado,1
10,684,endocervical,1
10,686,energia,1
10,687,energiar,1
10,707,epidermoidir,1
10,711,equipo,1
10,716,escamosa,4
10,717,escision,1
10,724,especial,1
10,726,especificamente,1
10,727,especifico,1
10,732,espontaneo,3
10,734,establecer,1
10,737,estadounidense,1
10,745,estrategia,1
10,751,etapa,2
10,764,evitar,2
10,770,examen,7
10,773,examinar,1
10,775,examinarla,1
10,777,exceso,1
10,780,existir,2
10,785,explicacion,1
10,787,exponer,1
10,788,exposicion,1
10,789,expresarte,1
10,791,expuesto,1
10,797,externo,1
10,799,extirpar,2
10,801,extraer,1
10,807,factor,3
10,809,falopio,1
10,813,familiar,2
10,814,family,1
10,821,femenino,4
10,822,fetido,1
10,829,financiar,1
10,830,fines,1
10,831,fino,1
10,837,flujo,2
10,839,forma,2
10,841,formar,1
10,849,frecuente,3
10,856,fum,1
10,857,fuma,2
10,858,fumador,1
10,860,fumar,4
10,874,general,2
10,875,generalmente,1
10,886,glandular,2
10,892,gonorrea,1
10,907,grupo,1
10,913,habito,1
10,914,habitual,1
10,917,hablar,1
10,920,hacer,7
10,921,hacerel,1
10,922,hacertir,1
10,924,haciendote,1
10,927,haz,3
10,931,health,1
10,952,herpes,1
10,979,humano,13
10,990,imagen,4
10,992,implicado,1
10,994,importancia,1
10,995,importante,3
10,1005,incluir,7
10,1008,incomodo,1
10,1013,indicar,2
10,1025,infeccion,9
10,1027,inferior,1
10,1033,informartar,1
10,1034,informarte,1
10,1040,ingl,1
10,1050,inmunitario,5
10,1051,inmunoterapia,1
10,1055,instruccion,1
10,1056,instrumento,2
10,1063,interno,1
10,1069,inusual,1
10,1070,invadir,1
10,1081,irradiar,1
10,1086,jugar,1
10,1092,laboratorio,1
10,1101,leep,1
10,1102,legrado,1
10,1115,libro,1
10,1118,limitar,1
10,1119,limite,1
10,1120,line,1
10,1133,llamado,7
10,1137,llevar,1
10,1139,lograr,1
10,1140,lucrir,1
10,1141,luego,1
10,1145,luz,1
10,1148,madre,2
10,1161,manera,3
10,1167,mantir,1
10,1171,masa,1
10,1173,matar,1
10,1177,mayo,5
10,1178,mayoclinic,1
10,1179,mayor,5
10,1180,mayoria,3
10,1182,mayorio,6
10,1184,medica,7
10,1185,medicamento,11
10,1186,medico,5
10,1187,medida,1
10,1188,medido,1
10,1194,mejor,1
10,1204,menopausia,2
10,1206,menos,1
10,1208,menstrual,3
10,1209,menudo,1
10,1218,metodo,1
10,1227,mientras,1
10,1229,minucioso,1
10,1231,mirar,1
10,1233,mision,1
10,1234,mismo,1
10,1242,momento,1
10,1248,morir,1
10,1251,mostrar,2
10,1260,muestra,3
10,1262,mujer,1
10,1264,multipl,1
10,1266,multiplique,1
10,1275,nadie,1
10,1278,natural,1
10,1284,necesitar,1
10,1297,ningun,1
10,1323,numero,3
10,1324,nunca,2
10,1327,objetivo,1
10,1331,obstante,1
10,1333,obtener,1
10,1334,ocasion,1
10,1341,olor,2
10,1348,opcion,2
10,1349,oportunidad,1
10,1352,org,1
10,1353,organismo,1
10,1355,organizacion,1
10,1373,ovarios,1
10,1378,padecer,2
10,1393,panorama,1
10,1394,papanicolaou,5
10,1395,papel,1
10,1396,papiloma,13
10,1403,pareja,4
10,1404,parejo,1
10,1408,parte,4
10,1409,participar,1
10,1411,partir,1
10,1414,paso,1
10,1420,patrocinio,1
10,1422,pauta,1
10,1427,pedir,2
10,1432,pelvico,3
10,1436,pequena,1
10,1438,pequeno,1
10,1443,periodo,2
10,1448,persona,6
10,1449,personal,1
10,1451,pertinente,1
10,1461,piel,2
10,1468,plana,1
10,1470,plano,1
10,1473,poblacion,1
10,1474,poder,29
10,1477,podria,1
10,1478,podrian,1
10,1480,podrio,4
10,1484,politico,1
10,1486,porcentaje,1
10,1488,posibilidad,1
10,1489,posible,3
10,1492,potencia,1
10,1494,potente,1
10,1497,precancer,1
10,1498,precancerosa,1
10,1500,preferencia,1
10,1501,pregunta,2
10,1502,preguntale,1
10,1503,preguntalir,1
10,1505,preocupante,1
10,1510,preparado,1
10,1513,presentar,6
10,1514,presentarel,1
10,1516,preservativo,1
10,1519,prevencion,2
10,1520,prevenir,4
10,1523,primero,2
10,1524,principal,1
10,1529,probabilidad,2
10,1530,probable,1
10,1532,probar,1
10,1533,problema,2
10,1535,procedimiento,1
10,1537,proceso,3
10,1541,producir,2
10,1543,producto,2
10,1545,profesional,1
10,1547,profundo,2
10,1549,programa,1
10,1553,proliferacion,1
10,1573,protege,1
10,1575,protegerel,1
10,1583,proveedor,4
10,1589,prueba,7
10,1591,pueda,1
10,1601,quier,1
10,1604,quimioterapia,2
10,1605,quimioterapiar,1
10,1611,radiacion,1
10,1615,radioterapia,2
10,1619,rapidamente,1
10,1622,rara,1
10,1624,rayo,1
10,1630,realizar,1
10,1632,recaudacion,1
10,1633,recibir,4
10,1635,recoger,2
10,1636,recomeir,1
10,1639,recomendarte,1
10,1640,reconocer,1
10,1643,recubrir,3
10,1646,recurso,1
10,1648,reducir,7
10,1653,regular,2
10,1658,relacion,10
10,1659,relacionado,2
10,1661,relajate,1
10,1662,remarcir,1
10,1665,repetirlas,1
10,1675,reproductor,4
10,1682,respaldar,1
10,1688,resultar,1
10,1699,riesgo,16
10,1717,rutin,2
10,1718,saber,2
10,1719,sacabocado,1
10,1723,salud,3
10,1726,sangrado,2
10,1727,sangrar,1
10,1728,sangre,2
10,1731,sano,3
10,1741,seguir,2
10,1742,segun,1
10,1744,seguro,1
10,1759,sentir,2
10,1763,ser,3
10,1765,sero,1
10,1769,sexual,21
10,1773,sida,1
10,1774,siempre,1
10,1775,sienta,1
10,1777,sifilis,1
10,1778,sigla,1
10,1782,signo,2
10,1783,siguiente,5
10,1792,sintoma,6
10,1793,sintomar,1
10,1796,sistema,6
10,1797,situacion,1
10,1802,sobrevivir,1
10,1808,soler,3
10,1812,solo,2
10,1816,sometete,1
10,1820,sospechar,1
10,1832,suficiente,1
10,1834,sugerir,2
10,1837,superficie,1
10,1852,tambien,6
10,1856,tejido,4
10,1857,temprano,3
10,1859,tender,1
10,1860,tendra,1
10,1861,tener,10
10,1865,terapia,1
10,1866,terapiar,1
10,1870,tiempo,2
10,1876,tipo,16
10,1879,tomar,3
10,1882,tomo,2
10,1895,transmision,3
10,1899,transportir,1
10,1902,trasmision,1
10,1903,trasmitar,2
10,1906,tratamiento,6
10,1907,tratar,2
10,1908,tratarel,2
10,1909,trav,1
10,1911,tres,1
10,1913,trompa,1
10,1916,tumor,2
10,1936,usar,4
10,1940,uterino,4
10,1941,utero,53
10,1945,utilizar,2
10,1946,utilizarel,1
10,1949,vacuna,5
10,1950,vaginal,6
10,1951,vaginar,3
10,1956,varios,3
10,1959,veces,1
10,1967,version,1
10,1972,vez,4
10,1976,vida,1
10,1977,video,1
10,1982,vigilarel,1
10,1983,vih,1
10,1984,vincular,1
10,1989,virus,20
10,1991,vision,1
10,1992,visitar,1
10,1998,vivir,1
10,2003,vph,11
